date;year;dist
1993/04/02;1993;25
1993/04/03;1993;25
1993/04/05;1993;40
1993/04/07;1993;40
1993/04/13;1993;50
1993/04/14;1993;50
1993/04/16;1993;50
1993/04/16;1993;50
1993/04/22;1993;40
1993/04/23;1993;40
1993/04/24;1993;50
1993/04/25;1993;50
1993/04/26;1993;50
1993/04/29;1993;50
1993/04/30;1993;110
1993/05/01;1993;80
1993/05/06;1993;50
1993/05/07;1993;40
1993/05/08;1993;40
1993/05/10;1993;50
1993/05/12;1993;50
1993/05/13;1993;40
1993/05/15;1993;50
1993/05/16;1993;40
1993/05/19;1993;50
1993/05/20;1993;40
1993/05/22;1993;70
1993/05/23;1993;110
1993/05/26;1993;50
1993/05/27;1993;50
1993/05/28;1993;40
1993/05/30;1993;40
1993/06/02;1993;70
1993/06/04;1993;50
1993/06/04;1993;50
1993/06/08;1993;50
1993/06/09;1993;50
1993/06/10;1993;40
1993/06/12;1993;50
1993/06/18;1993;50
1993/06/19;1993;50
1993/06/23;1993;70
1993/06/24;1993;50
1993/06/25;1993;50
1993/06/27;1993;40
1993/06/29;1993;50
1993/07/01;1993;40
1993/07/02;1993;70
1993/07/04;1993;50
1993/07/06;1993;50
1993/07/08;1993;50
1993/07/09;1993;40
1993/07/12;1993;50
1993/07/14;1993;40
1993/07/15;1993;50
1993/07/17;1993;70
1993/08/03;1993;40
1993/08/05;1993;50
1993/08/06;1993;40
1993/08/07;1993;40
1993/08/08;1993;40
1993/08/10;1993;50
1993/08/12;1993;50
1993/08/13;1993;50
1993/08/15;1993;60
1993/08/16;1993;50
1993/08/17;1993;70
1993/08/18;1993;50
1993/08/20;1993;50
1993/08/22;1993;70
1993/08/23;1993;40
1993/08/26;1993;50
1993/08/28;1993;40
1993/08/29;1993;70
1993/08/31;1993;40
1993/09/01;1993;50
1993/09/05;1993;50
1993/09/06;1993;40
1993/09/07;1993;40
1993/09/08;1993;40
1993/09/09;1993;50
1993/09/10;1993;50
1993/09/13;1993;50
1993/09/15;1993;40
1993/09/16;1993;40
1993/09/17;1993;40
1993/09/19;1993;40
1993/09/23;1993;40
1993/09/24;1993;40
1993/09/25;1993;50
1993/09/28;1993;40
1993/09/29;1993;40
1993/10/01;1993;40
1993/10/02;1993;50
1993/10/03;1993;50
1993/10/04;1993;40
1993/10/06;1993;50
1993/10/07;1993;40
1993/10/08;1993;40
1993/10/09;1993;40
1993/10/10;1993;100
1993/10/12;1993;40
1993/10/14;1993;40
1993/10/16;1993;70
1993/10/19;1993;40
1993/10/26;1993;40
1993/10/27;1993;40
1993/10/29;1993;30
1994/01/16;1994;30
1994/01/22;1994;30
1994/01/23;1994;30
1994/01/28;1994;20
1994/01/29;1994;40
1994/02/05;1994;30
1994/02/06;1994;25
1994/02/12;1994;40
1994/02/13;1994;35
1994/02/19;1994;60
1994/02/20;1994;70
1994/02/27;1994;30
1994/03/01;1994;40
1994/03/02;1994;40
1994/03/10;1994;60
1994/03/12;1994;30
1994/03/31;1994;60
1994/04/01;1994;20
1994/04/05;1994;50
1994/04/06;1994;20
1994/04/08;1994;50
1994/04/09;1994;70
1994/04/10;1994;20
1994/04/11;1994;40
1994/04/12;1994;20
1994/04/13;1994;20
1994/04/14;1994;40
1994/04/15;1994;50
1994/04/16;1994;20
1994/04/17;1994;70
1994/04/18;1994;20
1994/04/19;1994;20
1994/04/20;1994;20
1994/04/21;1994;40
1994/04/22;1994;40
1994/04/23;1994;20
1994/04/24;1994;80
1994/04/25;1994;20
1994/04/27;1994;20
1994/04/28;1994;20
1994/04/29;1994;20
1994/05/04;1994;20
1994/05/05;1994;20
1994/05/06;1994;20
1994/05/07;1994;30
1994/05/09;1994;20
1994/05/10;1994;20
1994/05/11;1994;20
1994/05/12;1994;20
1994/05/13;1994;20
1994/05/14;1994;20
1994/05/15;1994;40
1994/05/16;1994;20
1994/05/17;1994;20
1994/05/18;1994;20
1994/05/19;1994;20
1994/05/21;1994;20
1994/05/23;1994;20
1994/05/24;1994;40
1994/05/25;1994;40
1994/05/26;1994;20
1994/05/27;1994;20
1994/05/28;1994;70
1994/05/30;1994;20
1994/05/31;1994;20
1994/06/01;1994;20
1994/06/03;1994;40
1994/06/04;1994;45
1994/06/05;1994;20
1994/06/06;1994;20
1994/06/07;1994;20
1994/06/08;1994;40
1994/06/09;1994;20
1994/06/10;1994;35
1994/06/11;1994;35
1994/06/12;1994;45
1994/06/13;1994;20
1994/06/14;1994;20
1994/06/15;1994;35
1994/06/17;1994;20
1994/06/18;1994;20
1994/06/19;1994;20
1994/06/24;1994;20
1994/06/25;1994;70
1994/06/25;1994;60
1994/06/27;1994;20
1994/06/28;1994;20
1994/06/29;1994;40
1994/06/30;1994;20
1994/07/01;1994;40
1994/07/02;1994;50
1994/07/03;1994;80
1994/07/04;1994;20
1994/07/05;1994;20
1994/07/06;1994;20
1994/07/07;1994;40
1994/07/09;1994;50
1994/07/11;1994;20
1994/07/12;1994;40
1994/07/13;1994;20
1994/07/14;1994;20
1994/07/15;1994;60
1994/07/16;1994;60
1994/07/17;1994;40
1994/07/18;1994;20
1994/07/19;1994;20
1994/07/20;1994;20
1994/07/21;1994;20
1994/07/22;1994;45
1994/07/23;1994;40
1994/07/25;1994;20
1994/07/26;1994;20
1994/07/27;1994;20
1994/07/28;1994;20
1994/07/29;1994;20
1994/07/30;1994;20
1994/08/01;1994;20
1994/08/02;1994;20
1994/08/03;1994;40
1994/08/04;1994;20
1994/08/05;1994;20
1994/08/06;1994;40
1994/08/07;1994;35
1994/08/08;1994;20
1994/08/09;1994;20
1994/08/10;1994;35
1994/08/11;1994;20
1994/08/12;1994;35
1994/08/13;1994;20
1994/08/14;1994;40
1994/08/15;1994;35
1994/08/16;1994;20
1994/08/19;1994;35
1994/08/29;1994;20
1994/08/30;1994;20
1994/08/31;1994;20
1994/09/01;1994;35
1994/09/02;1994;20
1994/09/05;1994;20
1994/09/06;1994;20
1994/09/07;1994;20
1994/09/08;1994;20
1994/09/09;1994;20
1994/09/12;1994;20
1994/09/13;1994;20
1994/09/14;1994;20
1994/09/15;1994;20
1994/09/16;1994;20
1994/09/19;1994;20
1994/09/20;1994;20
1994/09/23;1994;20
1995/04/23;1995;60
1995/04/24;1995;40
1995/04/25;1995;40
1995/04/26;1995;20
1995/04/27;1995;50
1995/04/28;1995;60
1995/04/29;1995;45
1995/05/03;1995;40
1995/05/04;1995;20
1995/05/05;1995;20
1995/05/06;1995;50
1995/05/08;1995;50
1995/05/09;1995;20
1995/05/11;1995;20
1995/05/12;1995;40
1995/05/15;1995;20
1995/05/16;1995;20
1995/05/18;1995;20
1995/05/19;1995;20
1995/05/20;1995;50
1995/05/22;1995;20
1995/05/23;1995;40
1995/05/24;1995;40
1995/05/25;1995;40
1995/05/26;1995;50
1995/05/27;1995;20
1995/05/28;1995;20
1995/05/29;1995;50
1995/05/30;1995;60
1995/05/31;1995;50
1995/06/01;1995;20
1995/06/02;1995;20
1995/06/03;1995;20
1995/06/04;1995;40
1995/06/05;1995;20
1995/06/06;1995;50
1995/06/07;1995;20
1995/06/09;1995;50
1995/06/10;1995;60
1995/06/12;1995;20
1995/06/13;1995;40
1995/06/14;1995;35
1995/06/20;1995;55
1995/06/21;1995;45
1995/06/22;1995;40
1995/06/24;1995;20
1995/06/25;1995;20
1995/06/29;1995;20
1995/06/30;1995;20
1995/07/02;1995;60
1995/07/08;1995;20
1995/07/09;1995;60
1995/07/14;1995;20
1995/07/15;1995;45
1995/07/18;1995;30
1995/07/19;1995;20
1995/07/20;1995;20
1995/07/21;1995;20
1995/07/22;1995;30
1995/07/23;1995;20
1995/07/24;1995;20
1995/07/25;1995;20
1995/07/26;1995;20
1995/08/01;1995;35
1995/08/02;1995;30
1995/08/03;1995;20
1995/08/05;1995;20
1995/08/07;1995;20
1995/08/08;1995;35
1995/08/09;1995;20
1995/08/10;1995;30
1995/08/11;1995;25
1995/08/12;1995;30
1995/08/13;1995;35
1995/08/14;1995;30
1995/08/16;1995;20
1995/08/17;1995;20
1995/08/18;1995;40
1995/08/19;1995;40
1995/08/20;1995;40
1995/08/21;1995;20
1995/08/22;1995;20
1995/08/23;1995;10
1995/08/24;1995;20
1995/08/25;1995;20
1995/08/26;1995;20
1995/08/27;1995;20
1995/09/11;1995;20
1995/09/12;1995;20
1995/09/13;1995;20
1995/09/14;1995;20
1995/09/18;1995;20
1995/09/19;1995;20
1995/09/20;1995;20
1995/09/21;1995;20
1995/09/22;1995;20
1995/09/24;1995;20
1995/09/25;1995;20
1995/09/26;1995;20
1995/09/27;1995;20
1995/09/29;1995;20
1995/10/03;1995;20
1995/10/05;1995;20
1995/10/06;1995;20
1995/10/07;1995;20
1995/10/08;1995;30
1995/10/09;1995;20
1995/10/10;1995;20
1995/10/11;1995;20
1995/10/13;1995;20
1995/10/14;1995;20
1995/10/15;1995;30
1995/10/16;1995;20
1995/10/17;1995;20
1995/10/18;1995;20
1995/10/19;1995;20
1995/10/20;1995;20
1995/10/21;1995;25
1995/10/23;1995;20
1995/10/24;1995;20
1995/10/26;1995;20
1995/10/27;1995;20
1995/10/28;1995;30
1995/10/29;1995;20
1995/10/30;1995;20
1995/10/31;1995;20
1995/11/11;1995;20
1996/04/06;1996;35
1996/04/09;1996;35
1996/04/10;1996;20
1996/04/12;1996;20
1996/04/15;1996;20
1996/04/16;1996;25
1996/04/17;1996;35
1996/04/18;1996;35
1996/04/19;1996;20
1996/04/20;1996;40
1996/04/21;1996;35
1996/04/22;1996;20
1996/04/23;1996;20
1996/04/24;1996;20
1996/04/25;1996;20
1996/04/26;1996;35
1996/04/27;1996;35
1996/04/28;1996;20
1996/05/01;1996;65
1996/05/04;1996;42
1996/05/07;1996;20
1996/05/08;1996;20
1996/05/11;1996;20
1996/05/11;1996;62
1996/05/12;1996;40
1996/05/13;1996;20
1996/05/14;1996;20
1996/05/15;1996;20
1996/05/16;1996;35
1996/05/18;1996;60
1996/05/19;1996;20
1996/05/20;1996;20
1996/05/22;1996;20
1996/05/23;1996;20
1996/05/24;1996;20
1996/05/27;1996;25
1996/05/29;1996;20
1996/05/30;1996;20
1996/06/01;1996;40
1996/06/02;1996;20
1996/06/03;1996;20
1996/06/04;1996;20
1996/06/05;1996;20
1996/06/11;1996;35
1996/06/12;1996;20
1996/06/13;1996;20
1996/06/14;1996;20
1996/06/15;1996;60
1996/06/16;1996;52
1996/06/17;1996;30
1996/06/18;1996;30
1996/06/19;1996;20
1996/06/20;1996;20
1996/06/21;1996;20
1996/06/29;1996;20
1996/07/11;1996;20
1996/07/12;1996;20
1996/07/13;1996;20
1996/07/14;1996;20
1996/07/16;1996;20
1996/07/17;1996;20
1996/07/19;1996;40
1996/07/20;1996;20
1996/07/21;1996;55
1996/07/22;1996;20
1996/07/23;1996;20
1996/07/24;1996;20
1996/07/25;1996;55
1996/07/25;1996;55
1996/07/26;1996;20
1996/07/29;1996;40
1996/07/30;1996;40
1996/07/31;1996;55
1996/08/01;1996;45
1996/08/02;1996;45
1996/08/04;1996;20
1996/08/05;1996;20
1996/08/06;1996;55
1996/08/07;1996;55
1996/08/08;1996;68
1996/08/09;1996;20
1996/08/10;1996;65
1996/08/11;1996;20
1996/08/12;1996;20
1996/08/13;1996;53
1996/08/14;1996;55
1996/08/16;1996;20
1996/08/18;1996;73
1996/08/19;1996;67
1996/08/20;1996;20
1996/08/21;1996;88
1996/08/22;1996;20
1996/08/23;1996;57
1996/08/25;1996;30
1996/08/27;1996;20
1996/08/29;1996;62
1996/08/30;1996;20
1996/08/31;1996;54
1996/09/01;1996;20
1996/09/02;1996;20
1996/09/03;1996;54
1996/09/04;1996;52
1996/09/10;1996;20
1996/09/12;1996;20
1996/09/13;1996;20
1996/09/14;1996;55
1996/09/16;1996;55
1996/09/17;1996;20
1996/09/18;1996;20
1996/09/19;1996;55
1996/09/20;1996;55
1996/09/22;1996;50
1996/09/23;1996;40
1996/09/24;1996;20
1996/09/27;1996;20
1996/09/29;1996;20
1996/09/30;1996;20
1996/10/06;1996;42
1996/10/07;1996;42
1996/10/08;1996;42
1996/10/10;1996;42
1996/10/14;1996;42
1996/10/15;1996;42
1996/10/16;1996;40
1996/10/18;1996;42
1996/10/19;1996;40
1996/10/21;1996;40
1996/10/23;1996;40
1996/10/25;1996;40
1996/11/01;1996;30
1996/11/04;1996;42
1996/11/05;1996;52
1996/11/09;1996;42
1996/11/12;1996;26
1996/11/23;1996;40
1996/11/25;1996;20
1997/03/01;1997;30
1997/03/02;1997;30
1997/03/04;1997;30
1997/03/05;1997;40
1997/03/08;1997;40
1997/03/09;1997;40
1997/03/11;1997;40
1997/03/18;1997;40
1997/03/19;1997;40
1997/03/29;1997;40
1997/04/02;1997;40
1997/04/06;1997;30
1997/04/13;1997;40
1997/04/17;1997;40
1997/04/21;1997;40
1997/04/24;1997;25
1997/04/25;1997;25
1997/04/28;1997;30
1997/05/10;1997;40
1997/05/12;1997;40
1997/05/16;1997;40
1997/05/17;1997;40
1997/05/19;1997;40
1997/05/23;1997;50
1997/05/24;1997;40
1997/05/25;1997;45
1997/05/27;1997;40
1997/05/30;1997;40
1997/05/31;1997;50
1997/06/01;1997;50
1997/06/02;1997;40
1997/06/03;1997;40
1997/06/05;1997;60
1997/06/07;1997;65
1997/06/08;1997;40
1997/06/09;1997;40
1997/06/11;1997;60
1997/06/12;1997;40
1997/06/13;1997;40
1997/06/16;1997;40
1997/06/17;1997;50
1997/06/19;1997;50
1997/06/20;1997;40
1997/06/21;1997;100
1997/06/24;1997;40
1997/06/27;1997;55
1997/06/28;1997;40
1997/06/30;1997;60
1997/07/01;1997;50
1997/07/02;1997;40
1997/07/03;1997;60
1997/07/05;1997;40
1997/07/06;1997;55
1997/07/08;1997;40
1997/07/09;1997;50
1997/07/11;1997;40
1997/07/12;1997;40
1997/07/13;1997;60
1997/07/14;1997;40
1997/07/17;1997;40
1997/07/18;1997;40
1997/07/21;1997;50
1997/07/23;1997;60
1997/07/24;1997;45
1997/07/25;1997;40
1997/07/26;1997;70
1997/07/28;1997;40
1997/07/29;1997;40
1997/07/30;1997;50
1997/07/31;1997;40
1997/08/03;1997;50
1997/08/04;1997;60
1997/08/06;1997;50
1997/08/08;1997;80
1997/08/09;1997;50
1997/08/11;1997;40
1997/08/14;1997;40
1997/08/16;1997;45
1997/08/17;1997;45
1997/08/18;1997;40
1997/08/21;1997;45
1997/08/22;1997;45
1997/08/24;1997;40
1997/08/26;1997;40
1997/08/27;1997;40
1997/08/30;1997;45
1997/09/01;1997;45
1997/09/02;1997;40
1997/09/04;1997;40
1997/09/06;1997;40
1997/09/07;1997;40
1997/09/10;1997;45
1997/09/11;1997;40
1997/09/12;1997;80
1997/09/14;1997;40
1997/09/15;1997;40
1997/09/16;1997;40
1997/09/19;1997;40
1997/09/20;1997;50
1997/09/26;1997;45
1997/09/27;1997;45
1997/09/28;1997;40
1997/09/29;1997;40
1997/10/06;1997;40
1997/10/07;1997;40
1997/10/09;1997;40
1997/10/10;1997;40
1997/10/12;1997;40
1997/10/19;1997;40
1997/11/08;1997;40
1997/11/09;1997;40
1997/11/10;1997;40
1997/11/11;1997;40
1997/11/13;1997;15
1997/11/15;1997;40
1998/01/03;1998;25
1998/01/10;1998;25
1998/01/11;1998;40
1998/01/12;1998;40
1998/01/19;1998;25
1998/01/26;1998;25
1998/02/10;1998;25
1998/02/11;1998;25
1998/02/20;1998;25
1998/02/21;1998;40
1998/04/10;1998;20
1998/04/12;1998;40
1998/04/13;1998;25
1998/04/14;1998;40
1998/04/15;1998;45
1998/04/17;1998;40
1998/04/18;1998;40
1998/04/20;1998;40
1998/04/22;1998;40
1998/04/24;1998;40
1998/04/25;1998;60
1998/04/26;1998;40
1998/04/28;1998;40
1998/05/05;1998;45
1998/05/06;1998;40
1998/05/11;1998;40
1998/05/12;1998;40
1998/05/13;1998;40
1998/05/15;1998;40
1998/05/17;1998;70
1998/05/18;1998;50
1998/05/19;1998;40
1998/05/20;1998;40
1998/05/23;1998;40
1998/05/26;1998;50
1998/05/27;1998;50
1998/05/29;1998;50
1998/05/30;1998;100
1998/05/31;1998;65
1998/06/01;1998;40
1998/06/04;1998;60
1998/06/05;1998;40
1998/06/06;1998;40
1998/06/07;1998;60
1998/06/08;1998;40
1998/06/10;1998;60
1998/06/13;1998;60
1998/06/14;1998;40
1998/06/17;1998;45
1998/06/20;1998;45
1998/06/21;1998;45
1998/06/22;1998;50
1998/06/24;1998;40
1998/06/25;1998;45
1998/06/26;1998;45
1998/06/27;1998;45
1998/06/28;1998;45
1998/06/29;1998;40
1998/06/30;1998;40
1998/07/02;1998;45
1998/07/06;1998;60
1998/07/07;1998;45
1998/07/08;1998;40
1998/07/11;1998;45
1998/07/12;1998;45
1998/07/14;1998;45
1998/07/15;1998;45
1998/07/16;1998;40
1998/07/17;1998;40
1998/07/18;1998;45
1998/07/20;1998;50
1998/07/21;1998;50
1998/07/22;1998;40
1998/07/23;1998;40
1998/07/24;1998;45
1998/07/25;1998;55
1998/07/26;1998;60
1998/07/29;1998;60
1998/07/30;1998;50
1998/07/31;1998;60
1998/08/01;1998;55
1998/08/02;1998;70
1998/08/04;1998;40
1998/08/05;1998;50
1998/08/07;1998;50
1998/08/08;1998;120
1998/08/09;1998;65
1998/08/10;1998;55
1998/08/11;1998;45
1998/08/12;1998;45
1998/08/14;1998;40
1998/08/15;1998;60
1998/08/16;1998;205
1998/08/21;1998;200
1998/08/23;1998;40
1998/08/25;1998;65
1998/08/26;1998;45
1998/08/27;1998;55
1998/09/01;1998;50
1998/09/02;1998;55
1998/09/03;1998;45
1998/09/04;1998;50
1998/09/05;1998;45
1998/09/06;1998;50
1998/09/07;1998;50
1998/09/08;1998;60
1998/09/09;1998;45
1998/09/10;1998;50
1998/09/13;1998;40
1998/09/14;1998;50
1998/09/15;1998;40
1998/09/17;1998;45
1998/09/18;1998;40
1998/09/19;1998;60
1998/09/21;1998;45
1998/09/22;1998;40
1998/09/23;1998;40
1998/09/25;1998;40
1998/09/26;1998;45
1998/09/27;1998;105
1998/09/30;1998;40
1998/10/01;1998;40
1998/10/02;1998;40
1998/10/04;1998;40
1998/10/06;1998;40
1998/10/07;1998;50
1998/10/08;1998;40
1998/10/10;1998;40
1998/10/12;1998;60
1998/10/13;1998;45
1998/10/18;1998;70
1998/10/19;1998;60
1998/10/21;1998;40
1998/10/26;1998;40
1998/10/27;1998;40
1998/11/14;1998;20
1999/03/09;1999;40
1999/03/19;1999;40
1999/03/20;1999;40
1999/03/22;1999;45
1999/03/24;1999;40
1999/03/25;1999;40
1999/03/27;1999;50
1999/03/29;1999;40
1999/03/31;1999;40
1999/04/01;1999;40
1999/04/02;1999;40
1999/04/03;1999;100
1999/04/05;1999;40
1999/04/15;1999;40
1999/04/19;1999;40
1999/04/24;1999;40
1999/04/25;1999;45
1999/04/26;1999;40
1999/04/27;1999;40
1999/04/28;1999;40
1999/04/30;1999;65
1999/05/02;1999;65
1999/05/03;1999;40
1999/05/04;1999;40
1999/05/05;1999;40
1999/05/06;1999;40
1999/05/08;1999;40
1999/05/10;1999;40
1999/05/12;1999;40
1999/05/16;1999;50
1999/05/17;1999;60
1999/05/18;1999;80
1999/05/19;1999;40
1999/05/21;1999;40
1999/05/22;1999;40
1999/05/23;1999;45
1999/05/24;1999;45
1999/05/26;1999;55
1999/05/27;1999;40
1999/05/28;1999;40
1999/05/29;1999;50
1999/05/30;1999;45
1999/05/31;1999;40
1999/06/02;1999;45
1999/06/03;1999;40
1999/06/04;1999;40
1999/06/05;1999;40
1999/06/06;1999;40
1999/06/07;1999;40
1999/06/08;1999;40
1999/06/10;1999;45
1999/06/11;1999;40
1999/06/13;1999;40
1999/06/14;1999;40
1999/06/15;1999;40
1999/06/16;1999;60
1999/06/17;1999;45
1999/06/19;1999;60
1999/06/20;1999;50
1999/06/21;1999;40
1999/06/23;1999;50
1999/06/24;1999;70
1999/06/25;1999;40
1999/06/26;1999;65
1999/06/28;1999;45
1999/06/29;1999;50
1999/06/30;1999;40
1999/07/02;1999;40
1999/07/03;1999;65
1999/07/05;1999;40
1999/07/06;1999;40
1999/07/09;1999;40
1999/07/10;1999;40
1999/07/11;1999;105
1999/07/13;1999;60
1999/07/15;1999;40
1999/07/16;1999;40
1999/07/17;1999;45
1999/07/18;1999;40
1999/07/19;1999;60
1999/07/20;1999;60
1999/07/21;1999;60
1999/07/24;1999;50
1999/07/25;1999;45
1999/07/26;1999;40
1999/07/27;1999;60
1999/07/29;1999;40
1999/07/31;1999;80
1999/08/01;1999;40
1999/08/02;1999;55
1999/08/03;1999;65
1999/08/04;1999;60
1999/08/06;1999;40
1999/08/07;1999;100
1999/08/09;1999;55
1999/08/12;1999;60
1999/08/14;1999;40
1999/08/17;1999;45
1999/08/18;1999;60
1999/08/20;1999;40
1999/08/21;1999;150
1999/08/23;1999;40
1999/08/24;1999;60
1999/08/25;1999;60
1999/08/27;1999;40
1999/08/28;1999;135
1999/08/30;1999;40
1999/09/01;1999;55
1999/09/02;1999;65
1999/09/03;1999;40
1999/09/04;1999;45
1999/09/06;1999;55
1999/09/07;1999;55
1999/09/08;1999;40
1999/09/09;1999;40
1999/09/10;1999;40
1999/09/11;1999;40
1999/09/13;1999;40
1999/09/14;1999;50
1999/09/15;1999;45
1999/09/16;1999;40
1999/09/18;1999;70
1999/09/19;1999;40
1999/09/24;1999;40
1999/09/25;1999;55
1999/10/03;1999;40
1999/10/05;1999;40
1999/10/06;1999;40
1999/10/10;1999;40
1999/10/25;1999;40
1999/10/31;1999;40
2000/02/12;2000;55
2000/02/14;2000;45
2000/02/27;2000;55
2000/03/22;2000;45
2000/03/23;2000;45
2000/03/24;2000;60
2000/03/25;2000;45
2000/03/27;2000;45
2000/03/29;2000;45
2000/03/30;2000;45
2000/04/02;2000;60
2000/04/03;2000;80
2000/04/04;2000;50
2000/04/05;2000;60
2000/04/06;2000;40
2000/04/07;2000;65
2000/04/10;2000;60
2000/04/11;2000;65
2000/04/13;2000;50
2000/04/14;2000;45
2000/04/15;2000;75
2000/04/17;2000;75
2000/04/18;2000;55
2000/04/19;2000;65
2000/04/20;2000;55
2000/04/21;2000;65
2000/04/22;2000;120
2000/04/23;2000;55
2000/04/24;2000;80
2000/04/25;2000;65
2000/04/27;2000;45
2000/04/28;2000;60
2000/04/29;2000;200
2000/05/02;2000;140
2000/05/04;2000;45
2000/05/05;2000;50
2000/05/06;2000;110
2000/05/07;2000;50
2000/05/08;2000;50
2000/05/09;2000;50
2000/05/10;2000;50
2000/05/11;2000;65
2000/05/12;2000;50
2000/05/13;2000;75
2000/05/15;2000;60
2000/05/16;2000;65
2000/05/17;2000;55
2000/05/18;2000;50
2000/05/20;2000;140
2000/05/22;2000;50
2000/05/23;2000;70
2000/05/25;2000;45
2000/05/26;2000;65
2000/05/27;2000;45
2000/05/28;2000;50
2000/05/29;2000;50
2000/05/30;2000;45
2000/06/01;2000;65
2000/06/02;2000;65
2000/06/03;2000;60
2000/06/05;2000;65
2000/06/06;2000;45
2000/06/08;2000;65
2000/06/09;2000;75
2000/06/10;2000;45
2000/06/11;2000;125
2000/06/13;2000;60
2000/06/14;2000;45
2000/06/16;2000;60
2000/06/17;2000;50
2000/06/18;2000;50
2000/06/19;2000;65
2000/06/20;2000;60
2000/06/22;2000;60
2000/06/24;2000;45
2000/06/26;2000;50
2000/06/28;2000;60
2000/06/29;2000;50
2000/06/30;2000;45
2000/07/02;2000;180
2000/07/04;2000;100
2000/07/05;2000;90
2000/07/07;2000;185
2000/07/08;2000;60
2000/07/09;2000;40
2000/07/11;2000;60
2000/07/13;2000;45
2000/07/14;2000;60
2000/07/15;2000;65
2000/07/16;2000;65
2000/07/17;2000;55
2000/07/18;2000;60
2000/07/19;2000;45
2000/07/21;2000;45
2000/07/22;2000;55
2000/07/23;2000;45
2000/07/24;2000;55
2000/07/25;2000;60
2000/07/26;2000;60
2000/07/28;2000;60
2000/07/30;2000;60
2000/07/31;2000;65
2000/08/02;2000;40
2000/08/04;2000;45
2000/08/05;2000;55
2000/08/06;2000;55
2000/08/07;2000;65
2000/08/09;2000;45
2000/08/10;2000;40
2000/08/11;2000;70
2000/08/12;2000;45
2000/08/14;2000;45
2000/08/15;2000;50
2000/08/17;2000;60
2000/08/18;2000;65
2000/08/20;2000;50
2000/08/21;2000;75
2000/08/23;2000;45
2000/08/24;2000;50
2000/08/26;2000;60
2000/08/27;2000;45
2000/08/28;2000;45
2000/08/29;2000;50
2000/08/31;2000;70
2000/09/01;2000;50
2000/09/02;2000;55
2000/09/03;2000;35
2000/09/04;2000;30
2000/09/05;2000;50
2000/09/06;2000;45
2000/09/07;2000;55
2000/09/08;2000;50
2000/09/09;2000;50
2000/09/10;2000;60
2000/09/12;2000;45
2000/09/14;2000;45
2000/09/15;2000;65
2000/09/16;2000;110
2000/09/17;2000;65
2000/09/19;2000;45
2000/09/20;2000;60
2000/09/21;2000;55
2000/09/22;2000;45
2000/09/24;2000;55
2000/09/25;2000;45
2000/09/26;2000;50
2000/09/27;2000;50
2000/09/28;2000;50
2000/09/29;2000;50
2000/09/30;2000;65
2000/10/03;2000;45
2000/10/04;2000;55
2000/10/05;2000;45
2000/10/06;2000;65
2000/10/10;2000;45
2000/10/11;2000;45
2000/10/12;2000;45
2000/10/13;2000;50
2000/10/14;2000;45
2000/10/16;2000;45
2000/10/17;2000;65
2000/10/18;2000;55
2000/10/19;2000;45
2000/10/20;2000;50
2000/10/21;2000;70
2000/10/23;2000;65
2000/10/24;2000;45
2000/10/25;2000;60
2000/10/28;2000;50
2000/10/30;2000;45
2000/10/31;2000;40
2000/11/01;2000;40
2000/11/08;2000;55
2000/11/09;2000;55
2000/11/10;2000;45
2000/11/12;2000;55
2000/11/13;2000;45
2000/11/17;2000;45
2000/11/20;2000;45
2000/11/22;2000;60
2000/11/24;2000;45
2000/11/25;2000;45
2000/11/26;2000;65
2000/11/30;2000;45
2000/12/04;2000;45
2000/12/05;2000;45
2000/12/06;2000;45
2000/12/09;2000;45
2000/12/10;2000;85
2000/12/16;2000;55
2000/12/17;2000;50
2000/12/23;2000;40
2001/01/14;2001;50
2001/01/16;2001;40
2001/01/20;2001;50
2001/01/21;2001;70
2001/01/28;2001;65
2001/01/30;2001;60
2001/02/11;2001;60
2001/02/12;2001;60
2001/02/13;2001;55
2001/02/14;2001;50
2001/02/16;2001;55
2001/02/17;2001;60
2001/02/19;2001;45
2001/02/20;2001;55
2001/02/21;2001;55
2001/03/06;2001;60
2001/03/07;2001;60
2001/03/08;2001;60
2001/03/10;2001;80
2001/03/11;2001;55
2001/03/12;2001;70
2001/03/14;2001;60
2001/03/15;2001;60
2001/03/16;2001;75
2001/03/24;2001;65
2001/03/25;2001;40
2001/03/29;2001;45
2001/03/30;2001;65
2001/03/31;2001;50
2001/04/02;2001;70
2001/04/03;2001;70
2001/04/04;2001;60
2001/04/05;2001;60
2001/04/07;2001;95
2001/04/09;2001;65
2001/04/10;2001;50
2001/04/11;2001;65
2001/04/15;2001;60
2001/04/16;2001;60
2001/04/17;2001;60
2001/04/18;2001;70
2001/04/20;2001;70
2001/04/22;2001;40
2001/04/24;2001;65
2001/04/25;2001;55
2001/04/26;2001;50
2001/04/28;2001;105
2001/05/02;2001;70
2001/05/03;2001;85
2001/05/04;2001;55
2001/05/07;2001;85
2001/05/08;2001;55
2001/05/09;2001;55
2001/05/11;2001;55
2001/05/12;2001;90
2001/05/14;2001;50
2001/05/15;2001;55
2001/05/18;2001;50
2001/05/19;2001;45
2001/05/20;2001;55
2001/05/22;2001;65
2001/05/23;2001;50
2001/05/24;2001;50
2001/05/26;2001;80
2001/05/27;2001;45
2001/05/28;2001;55
2001/05/31;2001;60
2001/06/01;2001;50
2001/06/03;2001;60
2001/06/04;2001;60
2001/06/05;2001;50
2001/06/06;2001;55
2001/06/07;2001;55
2001/06/09;2001;60
2001/06/10;2001;80
2001/06/12;2001;55
2001/06/13;2001;50
2001/06/14;2001;65
2001/06/17;2001;50
2001/06/18;2001;60
2001/06/19;2001;55
2001/06/20;2001;55
2001/06/24;2001;60
2001/06/25;2001;55
2001/06/26;2001;55
2001/06/27;2001;65
2001/06/30;2001;105
2001/07/02;2001;55
2001/07/03;2001;100
2001/07/04;2001;75
2001/07/05;2001;75
2001/07/07;2001;110
2001/07/10;2001;50
2001/07/11;2001;60
2001/07/12;2001;75
2001/07/14;2001;90
2001/07/16;2001;65
2001/07/19;2001;55
2001/07/20;2001;70
2001/07/21;2001;75
2001/07/22;2001;55
2001/07/23;2001;60
2001/07/25;2001;55
2001/07/26;2001;55
2001/07/28;2001;100
2001/07/29;2001;70
2001/07/31;2001;55
2001/08/01;2001;60
2001/08/02;2001;80
2001/08/04;2001;80
2001/08/05;2001;65
2001/08/06;2001;95
2001/08/07;2001;60
2001/08/08;2001;60
2001/08/09;2001;60
2001/08/10;2001;50
2001/08/11;2001;100
2001/08/12;2001;60
2001/08/18;2001;60
2001/08/19;2001;60
2001/08/20;2001;60
2001/08/21;2001;55
2001/08/22;2001;55
2001/08/23;2001;55
2001/08/25;2001;90
2001/08/26;2001;75
2001/08/30;2001;80
2001/08/31;2001;65
2001/09/01;2001;75
2001/09/02;2001;50
2001/09/03;2001;45
2001/09/05;2001;60
2001/09/10;2001;55
2001/09/11;2001;55
2001/09/12;2001;55
2001/09/13;2001;55
2001/09/15;2001;80
2001/09/20;2001;90
2001/09/21;2001;50
2001/09/22;2001;70
2001/09/24;2001;55
2001/09/25;2001;55
2001/09/26;2001;55
2001/09/28;2001;45
2001/09/30;2001;55
2001/10/02;2001;60
2001/10/03;2001;55
2001/10/04;2001;55
2001/10/05;2001;50
2001/10/07;2001;60
2001/10/08;2001;80
2001/10/09;2001;55
2001/10/12;2001;65
2001/10/14;2001;50
2001/10/15;2001;55
2001/10/16;2001;55
2001/10/20;2001;80
2001/10/21;2001;55
2001/10/24;2001;50
2001/10/25;2001;45
2001/10/27;2001;55
2001/10/28;2001;45
2001/10/31;2001;50
2001/11/03;2001;60
2001/11/04;2001;55
2001/11/10;2001;55
2001/11/11;2001;50
2001/11/14;2001;45
2001/11/17;2001;55
2001/11/18;2001;55
2001/11/24;2001;55
2001/12/01;2001;60
2001/12/02;2001;55
2001/12/08;2001;40
2001/12/16;2001;60
2002/01/12;2002;45
2002/01/13;2002;55
2002/01/19;2002;55
2002/01/20;2002;45
2002/01/22;2002;50
2002/01/23;2002;45
2002/01/24;2002;45
2002/02/02;2002;55
2002/02/03;2002;70
2002/02/04;2002;85
2002/02/05;2002;70
2002/02/07;2002;110
2002/02/08;2002;80
2002/02/09;2002;70
2002/02/12;2002;70
2002/02/14;2002;55
2002/02/16;2002;80
2002/02/17;2002;70
2002/02/20;2002;65
2002/02/24;2002;50
2002/02/27;2002;75
2002/02/28;2002;75
2002/03/02;2002;80
2002/03/03;2002;80
2002/03/06;2002;70
2002/03/07;2002;80
2002/03/09;2002;80
2002/03/11;2002;70
2002/03/13;2002;80
2002/03/14;2002;75
2002/03/16;2002;100
2002/03/17;2002;85
2002/03/20;2002;70
2002/03/21;2002;60
2002/03/25;2002;65
2002/03/27;2002;65
2002/03/28;2002;80
2002/03/30;2002;80
2002/04/01;2002;95
2002/04/03;2002;90
2002/04/07;2002;75
2002/04/08;2002;65
2002/04/10;2002;55
2002/04/11;2002;80
2002/04/14;2002;75
2002/04/17;2002;85
2002/04/18;2002;75
2002/04/20;2002;60
2002/04/21;2002;75
2002/04/24;2002;75
2002/04/25;2002;60
2002/04/28;2002;90
2002/04/30;2002;185
2002/05/03;2002;185
2002/05/05;2002;110
2002/05/08;2002;70
2002/05/09;2002;65
2002/05/11;2002;105
2002/05/12;2002;100
2002/05/16;2002;65
2002/05/17;2002;85
2002/05/19;2002;80
2002/05/21;2002;60
2002/05/22;2002;115
2002/05/25;2002;80
2002/05/26;2002;70
2002/06/02;2002;65
2002/06/04;2002;65
2002/06/05;2002;85
2002/06/06;2002;75
2002/06/09;2002;100
2002/06/12;2002;85
2002/06/15;2002;55
2002/06/16;2002;105
2002/06/19;2002;80
2002/06/20;2002;55
2002/06/22;2002;85
2002/06/23;2002;65
2002/06/25;2002;60
2002/06/26;2002;60
2002/06/28;2002;60
2002/06/30;2002;70
2002/07/03;2002;75
2002/07/05;2002;55
2002/07/06;2002;75
2002/07/07;2002;55
2002/07/09;2002;60
2002/07/10;2002;60
2002/07/11;2002;55
2002/07/13;2002;50
2002/07/16;2002;65
2002/07/17;2002;65
2002/07/19;2002;55
2002/07/21;2002;105
2002/07/23;2002;55
2002/07/25;2002;55
2002/07/27;2002;80
2002/07/28;2002;135
2002/07/31;2002;65
2002/08/01;2002;60
2002/08/03;2002;75
2002/08/04;2002;105
2002/08/06;2002;55
2002/08/07;2002;55
2002/08/08;2002;60
2002/08/10;2002;50
2002/08/11;2002;60
2002/08/12;2002;75
2002/08/16;2002;60
2002/08/18;2002;80
2002/08/20;2002;65
2002/08/22;2002;60
2002/08/24;2002;90
2002/08/25;2002;105
2002/08/27;2002;60
2002/08/29;2002;55
2002/08/30;2002;70
2002/08/31;2002;75
2002/09/01;2002;85
2002/09/03;2002;55
2002/09/05;2002;40
2002/09/07;2002;55
2002/09/08;2002;75
2002/09/11;2002;55
2002/09/12;2002;60
2002/09/14;2002;45
2002/08/17;2002;70
2002/08/19;2002;60
2002/09/21;2002;60
2002/09/22;2002;70
2002/09/24;2002;65
2002/09/26;2002;75
2002/09/27;2002;40
2002/09/28;2002;65
2002/09/29;2002;50
2002/10/04;2002;65
2002/10/05;2002;65
2002/10/09;2002;55
2002/10/12;2002;50
2002/10/13;2002;55
2002/10/16;2002;65
2002/10/20;2002;60
2002/10/21;2002;60
2002/10/25;2002;60
2002/10/27;2002;60
2002/10/31;2002;60
2002/11/30;2002;55
2003/01/17;2003;50
2003/01/18;2003;65
2003/01/19;2003;50
2003/01/21;2003;45
2003/01/25;2003;55
2003/01/26;2003;55
2003/01/27;2003;50
2003/02/08;2003;45
2003/02/09;2003;60
2003/02/18;2003;50
2003/02/19;2003;55
2003/02/21;2003;50
2003/02/23;2003;50
2003/02/24;2003;50
2003/02/28;2003;55
2003/03/02;2003;55
2003/03/04;2003;55
2003/03/07;2003;50
2003/03/08;2003;55
2003/03/10;2003;55
2003/03/11;2003;75
2003/03/14;2003;55
2003/03/15;2003;60
2003/03/16;2003;75
2003/03/18;2003;55
2003/03/19;2003;55
2003/03/22;2003;50
2003/03/23;2003;60
2003/03/25;2003;65
2003/03/26;2003;55
2003/03/28;2003;60
2003/03/29;2003;75
2003/04/01;2003;60
2003/04/03;2003;75
2003/04/11;2003;55
2003/04/12;2003;75
2003/04/13;2003;85
2003/04/15;2003;60
2003/04/16;2003;65
2003/04/18;2003;55
2003/04/19;2003;80
2003/04/21;2003;65
2003/04/22;2003;55
2003/04/25;2003;50
2003/04/26;2003;80
2003/04/28;2003;45
2003/04/29;2003;60
2003/04/30;2003;50
2003/05/03;2003;85
2003/05/04;2003;80
2003/05/06;2003;80
2003/05/07;2003;50
2003/05/09;2003;50
2003/05/10;2003;60
2003/05/11;2003;90
2003/05/13;2003;55
2003/05/14;2003;70
2003/05/15;2003;50
2003/05/19;2003;50
2003/05/20;2003;60
2003/05/21;2003;55
2003/05/23;2003;60
2003/05/24;2003;105
2003/05/25;2003;95
2003/05/28;2003;55
2003/05/31;2003;90
2003/06/01;2003;105
2003/06/04;2003;50
2003/06/07;2003;75
2003/06/08;2003;100
2003/06/10;2003;55
2003/06/11;2003;55
2003/06/13;2003;65
2003/06/17;2003;55
2003/06/18;2003;50
2003/06/20;2003;55
2003/06/21;2003;55
2003/06/22;2003;80
2003/06/24;2003;55
2003/06/26;2003;65
2003/06/27;2003;60
2003/06/28;2003;100
2003/07/01;2003;40
2003/07/03;2003;75
2003/07/05;2003;90
2003/07/06;2003;55
2003/07/08;2003;65
2003/07/09;2003;55
2003/07/12;2003;75
2003/07/13;2003;105
2003/07/15;2003;60
2003/07/16;2003;70
2003/07/17;2003;60
2003/07/19;2003;125
2003/07/20;2003;90
2003/07/23;2003;55
2003/07/24;2003;120
2003/07/26;2003;75
2003/07/27;2003;60
2003/07/30;2003;50
2003/08/02;2003;75
2003/08/03;2003;75
2003/08/05;2003;55
2003/08/06;2003;60
2003/08/08;2003;50
2003/08/10;2003;80
2003/08/11;2003;65
2003/08/12;2003;50
2003/08/15;2003;50
2003/08/16;2003;70
2003/08/17;2003;80
2003/08/19;2003;65
2003/08/20;2003;55
2003/08/23;2003;40
2003/08/24;2003;75
2003/08/26;2003;60
2003/08/28;2003;60
2003/08/31;2003;55
2003/09/03;2003;50
2003/09/04;2003;75
2003/09/06;2003;80
2003/09/07;2003;75
2003/09/09;2003;70
2003/09/11;2003;60
2003/09/13;2003;60
2003/09/14;2003;65
2003/09/16;2003;75
2003/09/18;2003;55
2003/09/20;2003;75
2003/09/21;2003;75
2003/09/24;2003;55
2003/09/25;2003;50
2003/09/27;2003;60
2003/09/28;2003;100
2003/09/30;2003;75
2003/10/01;2003;50
2003/10/04;2003;65
2003/10/05;2003;80
2003/10/08;2003;55
2003/10/12;2003;80
2003/10/18;2003;65
2003/10/19;2003;65
2003/10/23;2003;55
2003/10/25;2003;45
2003/10/27;2003;50
2003/10/30;2003;55
2003/11/02;2003;80
2003/11/05;2003;50
2003/11/09;2003;60
2003/11/10;2003;55
2003/11/11;2003;60
2003/11/14;2003;55
2003/11/16;2003;65
2003/11/20;2003;55
2003/11/22;2003;45
2003/11/23;2003;50
2003/11/29;2003;50
2003/11/30;2003;60
2003/12/04;2003;45
2003/12/10;2003;55
2003/12/11;2003;45
2003/12/14;2003;55
2003/12/20;2003;60
2003/12/21;2003;75
2003/12/27;2003;55
2003/12/28;2003;60
2004/02/03;2004;25
2004/02/08;2004;40
2004/02/16;2004;50
2004/02/17;2004;50
2004/02/20;2004;50
2004/02/21;2004;50
2004/02/23;2004;50
2004/02/26;2004;45
2004/04/12;2004;55
2004/04/13;2004;50
2004/04/15;2004;55
2004/04/16;2004;50
2004/04/18;2004;60
2004/04/21;2004;60
2004/04/22;2004;55
2004/04/24;2004;60
2004/04/25;2004;90
2004/04/27;2004;55
2004/04/29;2004;55
2004/04/30;2004;110
2004/05/02;2004;65
2004/05/03;2004;75
2004/05/04;2004;50
2004/05/06;2004;60
2004/05/07;2004;55
2004/05/09;2004;80
2004/05/10;2004;60
2004/05/11;2004;45
2004/05/12;2004;55
2004/05/15;2004;50
2004/05/19;2004;85
2004/05/20;2004;55
2004/05/22;2004;75
2004/05/23;2004;75
2004/05/25;2004;75
2004/05/26;2004;65
2004/05/29;2004;75
2004/05/31;2004;70
2004/06/01;2004;55
2004/06/02;2004;60
2004/06/03;2004;60
2004/06/05;2004;85
2004/06/06;2004;90
2004/06/08;2004;60
2004/06/09;2004;70
2004/06/10;2004;60
2004/06/12;2004;80
2004/06/13;2004;110
2004/06/16;2004;55
2004/06/17;2004;60
2004/06/19;2004;80
2004/06/23;2004;70
2004/06/24;2004;55
2004/06/26;2004;80
2004/06/27;2004;105
2004/06/29;2004;55
2004/07/02;2004;55
2004/07/03;2004;85
2004/07/04;2004;75
2004/07/07;2004;90
2004/07/08;2004;70
2004/07/10;2004;80
2004/07/11;2004;105
2004/07/14;2004;70
2004/07/15;2004;70
2004/07/17;2004;80
2004/07/18;2004;85
2004/07/21;2004;55
2004/07/22;2004;40
2004/07/24;2004;65
2004/07/25;2004;80
2004/07/27;2004;100
2004/07/28;2004;60
2004/07/31;2004;95
2004/08/01;2004;95
2004/08/03;2004;60
2004/08/05;2004;55
2004/08/07;2004;85
2004/08/08;2004;135
2004/08/10;2004;60
2004/08/11;2004;80
2004/08/14;2004;80
2004/08/15;2004;80
2004/08/17;2004;55
2004/08/19;2004;60
2004/08/21;2004;90
2004/08/22;2004;80
2004/08/24;2004;60
2004/08/26;2004;60
2004/08/27;2004;60
2004/09/06;2004;80
2004/09/07;2004;60
2004/09/09;2004;60
2004/09/12;2004;65
2004/09/14;2004;80
2004/09/16;2004;70
2004/09/18;2004;85
2004/09/19;2004;60
2004/09/21;2004;50
2004/09/23;2004;60
2004/09/25;2004;85
2004/09/26;2004;75
2004/09/27;2004;50
2004/09/29;2004;60
2004/09/30;2004;65
2004/10/02;2004;60
2004/10/04;2004;60
2004/10/06;2004;55
2004/10/07;2004;50
2004/10/09;2004;60
2004/10/13;2004;70
2004/10/14;2004;55
2004/10/16;2004;80
2004/10/20;2004;75
2004/10/22;2004;55
2004/10/23;2004;60
2004/10/24;2004;60
2004/10/28;2004;70
2004/10/31;2004;80
2004/11/01;2004;55
2004/11/03;2004;60
2004/11/04;2004;45
2004/11/06;2004;55
2004/11/07;2004;55
2004/11/10;2004;50
2004/11/11;2004;60
2004/11/14;2004;60
2004/12/02;2004;40
2004/12/06;2004;50
2004/12/16;2004;50
2004/12/18;2004;50
2004/12/26;2004;30
2005/01/01;2005;55
2005/01/02;2005;55
2005/01/06;2005;40
2005/01/08;2005;55
2005/01/09;2005;45
2005/01/12;2005;55
2005/01/13;2005;50
2005/01/16;2005;55
2005/02/01;2005;40
2005/02/02;2005;50
2005/03/23;2005;50
2005/03/24;2005;55
2005/03/26;2005;75
2005/03/28;2005;85
2005/03/29;2005;60
2005/03/31;2005;55
2005/04/01;2005;55
2005/04/03;2005;75
2005/04/04;2005;55
2005/04/05;2005;50
2005/04/07;2005;60
2005/04/09;2005;80
2005/04/11;2005;60
2005/04/12;2005;70
2005/04/14;2005;60
2005/04/16;2005;80
2005/04/17;2005;50
2005/04/18;2005;60
2005/04/20;2005;60
2005/04/21;2005;50
2005/04/23;2005;80
2005/04/26;2005;60
2005/04/28;2005;65
2005/04/30;2005;80
2005/05/01;2005;55
2005/05/03;2005;85
2005/05/05;2005;55
2005/05/07;2005;60
2005/05/08;2005;60
2005/05/11;2005;65
2005/05/12;2005;70
2005/05/14;2005;55
2005/05/15;2005;75
2005/05/18;2005;60
2005/05/19;2005;70
2005/05/21;2005;65
2005/05/22;2005;60
2005/05/24;2005;60
2005/05/26;2005;55
2005/05/28;2005;85
2005/05/29;2005;85
2005/05/31;2005;55
2005/06/02;2005;60
2005/06/04;2005;65
2005/06/05;2005;80
2005/06/08;2005;60
2005/06/09;2005;65
2005/06/11;2005;80
2005/06/12;2005;65
2005/06/15;2005;55
2005/06/16;2005;60
2005/06/18;2005;60
2005/06/19;2005;65
2005/06/22;2005;70
2005/06/23;2005;60
2005/06/25;2005;85
2005/06/26;2005;80
2005/06/28;2005;55
2005/06/30;2005;60
2005/07/02;2005;75
2005/07/03;2005;85
2005/07/05;2005;60
2005/07/06;2005;65
2005/07/09;2005;85
2005/07/10;2005;75
2005/07/12;2005;60
2005/07/14;2005;60
2005/07/16;2005;75
2005/07/17;2005;60
2005/07/20;2005;55
2005/07/21;2005;55
2005/07/23;2005;75
2005/07/26;2005;65
2005/07/28;2005;60
2005/07/30;2005;75
2005/07/31;2005;75
2005/08/02;2005;65
2005/08/03;2005;85
2005/08/05;2005;75
2005/08/07;2005;120
2005/08/09;2005;55
2005/08/11;2005;50
2005/08/12;2005;50
2005/08/18;2005;55
2005/08/20;2005;75
2005/08/21;2005;75
2005/08/23;2005;55
2005/08/25;2005;60
2005/05/27;2005;85
2005/07/28;2005;75
2005/08/30;2005;55
2005/08/31;2005;105
2005/09/01;2005;55
2005/09/03;2005;85
2005/09/04;2005;70
2005/09/06;2005;60
2005/09/08;2005;50
2005/09/10;2005;80
2005/09/11;2005;75
2005/09/13;2005;55
2005/09/15;2005;55
2005/09/17;2005;65
2005/09/18;2005;55
2005/09/23;2005;50
2005/09/24;2005;75
2005/09/25;2005;75
2005/09/27;2005;50
2005/09/28;2005;55
2005/10/02;2005;60
2005/10/04;2005;55
2005/10/05;2005;50
2005/10/08;2005;75
2005/10/09;2005;60
2005/10/11;2005;55
2005/10/12;2005;50
2005/10/18;2005;55
2005/10/22;2005;60
2005/10/23;2005;60
2005/10/26;2005;50
2005/10/29;2005;60
2005/10/30;2005;60
2005/10/31;2005;60
2005/11/02;2005;55
2005/11/05;2005;50
2005/11/06;2005;60
2005/11/08;2005;50
2005/11/11;2005;60
2005/11/12;2005;60
2005/11/13;2005;60
2005/12/10;2005;55
2005/12/13;2005;50
2006/08/31;2006;15
2006/09/01;2006;20
2006/09/02;2006;35
2006/09/05;2006;30
2006/09/06;2006;25
2006/09/08;2006;25
2006/09/09;2006;35
2006/09/11;2006;35
2006/09/12;2006;35
2006/09/14;2006;35
2006/09/15;2006;20
2006/09/16;2006;45
2006/09/17;2006;45
2006/09/19;2006;35
2006/09/23;2006;45
2006/09/24;2006;15
2006/09/25;2006;40
2006/09/26;2006;45
2006/09/28;2006;40
2006/09/29;2006;30
2006/09/30;2006;65
2006/10/01;2006;30
2006/10/03;2006;55
2006/10/05;2006;55
2006/10/07;2006;55
2006/10/12;2006;55
2006/10/13;2006;40
2006/10/15;2006;55
2006/10/16;2006;70
2006/10/17;2006;45
2006/10/18;2006;35
2006/10/20;2006;65
2006/10/21;2006;60
2006/10/22;2006;60
2006/10/24;2006;45
2006/10/25;2006;30
2006/10/26;2006;35
2006/10/28;2006;55
2006/10/30;2006;40
2006/10/31;2006;50
2006/11/06;2006;35
2006/11/10;2006;40
2006/11/11;2006;55
2006/11/12;2006;50
2006/11/16;2006;55
2006/11/17;2006;45
2006/11/18;2006;60
2006/11/21;2006;35
2006/11/23;2006;35
2006/11/25;2006;60
2006/11/26;2006;55
2006/11/29;2006;55
2006/11/30;2006;60
2006/12/02;2006;55
2006/12/03;2006;55
2006/12/08;2006;50
2006/12/09;2006;55
2006/12/11;2006;50
2006/12/16;2006;60
2006/12/17;2006;55
2006/12/19;2006;50
2006/12/21;2006;50
2006/12/23;2006;55
2006/12/26;2006;55
2007/01/10;2007;50
2007/02/03;2007;50
2007/02/04;2007;50
2007/04/12;2007;30
2007/04/14;2007;40
2007/04/15;2007;45
2007/04/22;2007;45
2007/04/25;2007;35
2007/04/26;2007;45
2007/05/02;2007;50
2007/05/03;2007;45
2007/05/05;2007;50
2007/05/19;2007;50
2007/05/20;2007;55
2007/05/22;2007;55
2007/05/23;2007;60
2007/05/24;2007;45
2007/05/26;2007;65
2007/05/27;2007;50
2007/05/29;2007;55
2007/05/30;2007;50
2007/05/31;2007;40
2007/06/04;2007;50
2007/06/05;2007;55
2007/06/06;2007;45
2007/06/07;2007;50
2007/06/08;2007;30
2007/06/09;2007;70
2007/06/10;2007;60
2007/06/14;2007;50
2007/06/16;2007;50
2007/06/17;2007;65
2007/06/20;2007;45
2007/06/21;2007;60
2007/06/23;2007;70
2007/06/24;2007;50
2007/06/26;2007;45
2007/07/01;2007;65
2007/07/02;2007;70
2007/07/05;2007;45
2007/07/06;2007;40
2007/07/08;2007;60
2007/07/09;2007;55
2007/07/11;2007;60
2007/07/13;2007;45
2007/07/14;2007;70
2007/07/16;2007;50
2007/07/18;2007;45
2007/07/19;2007;60
2007/07/21;2007;65
2007/07/22;2007;60
2007/07/26;2007;65
2007/07/28;2007;65
2007/07/29;2007;60
2007/07/30;2007;30
2007/08/01;2007;70
2007/08/02;2007;70
2007/08/08;2007;60
2007/08/09;2007;60
2007/08/11;2007;65
2007/08/14;2007;65
2007/08/15;2007;60
2007/08/18;2007;65
2007/08/19;2007;80
2007/08/22;2007;65
2007/08/23;2007;55
2007/08/25;2007;60
2007/08/26;2007;50
2007/08/30;2007;45
2007/09/01;2007;65
2007/09/02;2007;65
2007/09/05;2007;55
2007/09/06;2007;50
2008/03/11;2008;40
2008/03/14;2008;35
2008/03/16;2008;50
2008/03/25;2008;45
2008/03/28;2008;45
2008/03/29;2008;45
2008/03/31;2008;35
2008/04/01;2008;45
2008/04/03;2008;40
2008/04/04;2008;45
2008/04/06;2008;45
2008/04/13;2008;35
2008/04/15;2008;45
2008/04/20;2008;45
2008/04/22;2008;45
2008/04/23;2008;60
2008/04/24;2008;50
2008/04/26;2008;40
2008/04/27;2008;45
2008/04/29;2008;40
2008/04/30;2008;50
2008/05/06;2008;45
2008/05/07;2008;45
2008/05/09;2008;40
2008/05/11;2008;50
2008/05/13;2008;45
2008/05/14;2008;45
2008/05/16;2008;50
2008/05/18;2008;55
2008/05/20;2008;40
2008/05/21;2008;50
2008/05/24;2008;45
2008/05/25;2008;35
2008/05/29;2008;45
2008/05/31;2008;40
2008/06/01;2008;55
2008/06/03;2008;45
2008/06/05;2008;50
2008/06/07;2008;65
2008/06/09;2008;45
2008/06/10;2008;45
2008/06/14;2008;50
2008/06/15;2008;55
2008/06/18;2008;50
2008/06/19;2008;45
2008/06/21;2008;35
2008/06/22;2008;45
2008/06/24;2008;45
2008/06/25;2008;60
2008/06/26;2008;55
2008/06/27;2008;30
2008/03/29;2008;50
2008/07/01;2008;60
2008/07/02;2008;45
2008/07/03;2008;55
2008/07/05;2008;50
2008/07/06;2008;45
2008/07/09;2008;55
2008/07/10;2008;40
2008/07/12;2008;65
2008/07/13;2008;50
2008/07/15;2008;45
2008/07/18;2008;75
2008/07/19;2008;40
2008/07/22;2008;70
2008/07/23;2008;50
2008/07/24;2008;80
2008/07/26;2008;60
2008/07/29;2008;60
2008/07/30;2008;65
2008/07/31;2008;50
2008/08/03;2008;65
2008/08/09;2008;45
2008/08/10;2008;50
2008/08/12;2008;40
2008/08/13;2008;40
2008/08/17;2008;60
2008/08/19;2008;50
2008/08/20;2008;40
2008/08/21;2008;45
2008/08/23;2008;15
2008/08/24;2008;70
2008/08/26;2008;70
2008/08/28;2008;45
2008/08/30;2008;65
2008/08/31;2008;65
2008/09/03;2008;50
2008/09/04;2008;50
2008/09/06;2008;65
2008/09/07;2008;65
2008/09/09;2008;50
2008/09/11;2008;45
2008/09/13;2008;60
2008/09/14;2008;50
2008/09/18;2008;45
2008/09/20;2008;35
2008/09/23;2008;25
2008/09/24;2008;45
2008/09/27;2008;60
2008/09/28;2008;50
2008/10/02;2008;50
2008/10/03;2008;45
2008/10/05;2008;55
2008/10/06;2008;20
2008/10/07;2008;45
2008/10/09;2008;30
2008/10/10;2008;30
2008/10/11;2008;50
2008/10/13;2008;25
2008/10/14;2008;40
2008/10/18;2008;50
2008/10/19;2008;45
2008/10/21;2008;100
2008/10/23;2008;30
2008/10/24;2008;25
2008/10/26;2008;50
2008/10/28;2008;20
2008/10/31;2008;25
2008/11/02;2008;60
2008/11/04;2008;30
2008/11/06;2008;25
2008/11/07;2008;25
2008/11/08;2008;60
2008/11/11;2008;60
2008/11/13;2008;55
2008/11/15;2008;30
2008/11/16;2008;55
2008/11/18;2008;25
2008/11/21;2008;25
2008/11/28;2008;30
2008/11/29;2008;40
2008/12/01;2008;35
2008/12/04;2008;30
2008/12/07;2008;30
2008/12/09;2008;40
2008/12/12;2008;25
2008/12/13;2008;55
2008/12/14;2008;35
2008/12/16;2008;30
2008/12/18;2008;30
2008/12/19;2008;30
2008/12/28;2008;30
2008/12/30;2008;30
2008/12/31;2008;35
2009/01/03;2009;20
2009/01/25;2009;50
2009/01/27;2009;30
2009/01/29;2009;30
2009/02/05;2009;30
2009/02/07;2009;40
2009/02/08;2009;50
2009/02/09;2009;25
2009/02/10;2009;25
2009/02/21;2009;30
2009/02/26;2009;30
2009/02/28;2009;50
2009/03/01;2009;30
2009/03/05;2009;40
2009/03/08;2009;50
2009/03/11;2009;50
2009/03/13;2009;30
2009/03/18;2009;30
2009/03/20;2009;40
2009/03/21;2009;50
2009/03/28;2009;45
2009/03/31;2009;40
2009/04/02;2009;30
2009/04/07;2009;45
2009/04/10;2009;35
2009/04/11;2009;50
2009/04/13;2009;60
2009/04/14;2009;35
2009/04/16;2009;40
2009/04/19;2009;60
2009/04/21;2009;45
2009/04/23;2009;35
2009/04/25;2009;25
2009/04/26;2009;50
2009/04/28;2009;45
2009/04/29;2009;30
2009/05/03;2009;55
2009/05/05;2009;25
2009/05/08;2009;55
2009/05/12;2009;45
2009/05/14;2009;50
2009/05/15;2009;25
2009/05/16;2009;45
2009/05/19;2009;40
2009/05/21;2009;40
2009/05/22;2009;25
2009/05/24;2009;45
2009/05/26;2009;35
2009/05/29;2009;45
2009/05/30;2009;45
2009/06/02;2009;45
2009/06/05;2009;30
2009/06/06;2009;45
2009/06/07;2009;40
2009/06/09;2009;35
2009/06/11;2009;25
2009/06/12;2009;35
2009/06/14;2009;30
2009/06/15;2009;20
2009/06/17;2009;45
2009/06/21;2009;30
2009/06/22;2009;40
2009/06/26;2009;35
2009/06/27;2009;30
2009/06/28;2009;45
2009/06/30;2009;30
2009/07/01;2009;30
2009/07/02;2009;25
2009/07/04;2009;55
2009/07/06;2009;35
2009/07/09;2009;35
2009/07/10;2009;25
2009/07/12;2009;45
2009/07/13;2009;25
2009/07/14;2009;30
2009/07/16;2009;30
2009/07/18;2009;35
2009/07/21;2009;25
2009/07/24;2009;35
2009/07/26;2009;30
2009/07/28;2009;35
2009/07/29;2009;25
2009/08/09;2009;30
2009/08/11;2009;25
2009/08/13;2009;30
2009/08/14;2009;25
2009/08/15;2009;35
2009/08/16;2009;30
2009/08/19;2009;35
2009/08/23;2009;30
2009/08/25;2009;35
2009/08/27;2009;25
2009/08/28;2009;30
2009/08/29;2009;35
2009/08/31;2009;35
2009/09/01;2009;30
2009/09/02;2009;30
2009/09/04;2009;30
2009/09/05;2009;25
2009/09/06;2009;25
2009/09/07;2009;25
2009/09/10;2009;25
2009/09/12;2009;35
2009/09/14;2009;25
2009/09/15;2009;35
2009/09/17;2009;35
2009/09/18;2009;30
2009/09/19;2009;35
2009/09/20;2009;30
2009/09/21;2009;45
2009/09/22;2009;30
2009/09/24;2009;30
2009/09/27;2009;35
2009/09/29;2009;30
2009/09/30;2009;50
2009/10/02;2009;25
2009/10/05;2009;30
2009/10/06;2009;30
2009/10/08;2009;25
2009/10/09;2009;25
2009/10/10;2009;35
2009/10/15;2009;25
2009/10/16;2009;25
2009/10/17;2009;40
2009/10/18;2009;35
2009/10/19;2009;25
2009/10/21;2009;25
2009/10/23;2009;30
2009/10/25;2009;35
2009/10/29;2009;30
2009/10/31;2009;45
2009/11/02;2009;30
2009/11/03;2009;25
2009/11/06;2009;25
2009/11/07;2009;50
2009/11/08;2009;45
2009/11/10;2009;30
2009/11/11;2009;30
2009/11/13;2009;25
2009/11/14;2009;45
2009/11/17;2009;40
2009/11/18;2009;50
2009/11/20;2009;25
2009/11/23;2009;30
2009/11/25;2009;30
2009/11/26;2009;45
2009/11/28;2009;40
2009/11/30;2009;25
2009/12/01;2009;45
2009/12/04;2009;25
2009/12/08;2009;25
2009/12/10;2009;30
2009/12/12;2009;40
2009/12/13;2009;40
2009/12/15;2009;25
2009/12/26;2009;25
2009/12/28;2009;35
2009/12/30;2009;35
2009/12/31;2009;25
2010/01/06;2010;25
2010/01/08;2010;25
2010/01/17;2010;30
2010/01/19;2010;25
2010/01/21;2010;25
2010/01/26;2010;30
2010/02/11;2010;25
2010/02/17;2010;25
2010/02/18;2010;25
2010/02/19;2010;25
2010/02/21;2010;35
2010/02/23;2010;25
2010/02/24;2010;25
2010/02/27;2010;45
2010/02/28;2010;45
2010/03/02;2010;30
2010/03/04;2010;30
2010/03/08;2010;30
2010/03/09;2010;30
2010/03/10;2010;35
2010/03/12;2010;30
2010/03/13;2010;35
2010/03/14;2010;50
2010/03/15;2010;25
2010/03/16;2010;30
2010/03/17;2010;30
2010/03/20;2010;40
2010/03/21;2010;35
2010/03/22;2010;25
2010/03/23;2010;35
2010/03/24;2010;30
2010/03/26;2010;35
2010/03/27;2010;35
2010/03/28;2010;35
2010/03/29;2010;45
2010/03/30;2010;25
2010/04/01;2010;35
2010/04/03;2010;60
2010/04/05;2010;55
2010/04/07;2010;35
2010/04/08;2010;35
2010/04/11;2010;50
2010/04/12;2010;50
2010/04/13;2010;35
2010/04/14;2010;25
2010/04/15;2010;40
2010/04/17;2010;40
2010/04/18;2010;45
2010/04/19;2010;25
2010/04/20;2010;30
2010/04/22;2010;30
2010/04/23;2010;25
2010/04/25;2010;50
2010/04/26;2010;30
2010/04/28;2010;30
2010/04/30;2010;30
2010/05/04;2010;35
2010/05/05;2010;30
2010/05/08;2010;40
2010/05/10;2010;50
2010/05/11;2010;25
2010/05/14;2010;25
2010/05/15;2010;30
2010/05/16;2010;50
2010/05/19;2010;40
2010/05/21;2010;30
2010/05/23;2010;45
2010/05/24;2010;35
2010/05/26;2010;40
2010/05/28;2010;35
2010/06/01;2010;30
2010/06/02;2010;30
2010/06/04;2010;45
2010/06/05;2010;50
2010/06/07;2010;30
2010/06/08;2010;30
2010/06/09;2010;25
2010/06/11;2010;30
2010/06/13;2010;30
2010/06/16;2010;40
2010/06/18;2010;40
2010/06/19;2010;40
2010/06/20;2010;70
2010/06/23;2010;40
2010/06/24;2010;30
2010/06/28;2010;35
2010/06/29;2010;25
2010/06/30;2010;45
2010/07/01;2010;25
2010/07/02;2010;35
2010/07/03;2010;30
2010/07/04;2010;60
2010/07/06;2010;40
2010/07/08;2010;35
2010/07/09;2010;65
2010/07/10;2010;45
2010/07/12;2010;25
2010/07/13;2010;30
2010/07/16;2010;25
2010/07/17;2010;30
2010/07/19;2010;35
2010/07/20;2010;25
2010/07/21;2010;30
2010/07/25;2010;30
2010/07/27;2010;25
2010/07/29;2010;35
2010/07/30;2010;35
2010/07/31;2010;30
2010/08/03;2010;50
2010/08/04;2010;50
2010/08/05;2010;30
2010/08/07;2010;30
2010/08/09;2010;30
2010/08/11;2010;25
2010/08/12;2010;35
2010/08/13;2010;35
2010/08/15;2010;40
2010/08/17;2010;60
2010/08/18;2010;25
2010/08/19;2010;35
2010/08/21;2010;65
2010/08/22;2010;40
2010/08/24;2010;25
2010/08/26;2010;30
2010/08/28;2010;45
2010/08/30;2010;40
2010/08/31;2010;35
2010/09/06;2010;35
2010/09/07;2010;35
2010/09/08;2010;30
2010/09/12;2010;45
2010/09/13;2010;40
2010/09/14;2010;30
2010/09/16;2010;35
2010/09/17;2010;40
2010/09/18;2010;45
2010/09/19;2010;70
2010/09/21;2010;30
2010/09/22;2010;50
2010/09/23;2010;35
2010/09/25;2010;55
2010/09/26;2010;55
2010/09/30;2010;45
2010/10/01;2010;35
2010/10/04;2010;30
2010/10/05;2010;30
2010/10/13;2010;45
2010/10/14;2010;40
2010/10/16;2010;50
2010/10/17;2010;60
2010/10/19;2010;35
2010/10/20;2010;30
2010/10/23;2010;55
2010/10/24;2010;45
2010/10/26;2010;40
2010/10/27;2010;40
2010/10/30;2010;65
2010/10/31;2010;75
2010/11/02;2010;45
2010/11/08;2010;25
2010/11/10;2010;50
2010/11/11;2010;45
2010/11/13;2010;55
2010/11/14;2010;60
2010/11/16;2010;40
2010/11/18;2010;30
2010/11/20;2010;35
2010/11/21;2010;65
2010/11/25;2010;25
2010/11/28;2010;35
2010/12/07;2010;30
2010/12/08;2010;35
2011/01/02;2011;30
2011/01/05;2011;30
2011/01/06;2011;30
2011/01/09;2011;30
2011/01/16;2011;35
2011/01/19;2011;35
2011/01/24;2011;35
2011/01/27;2011;25
2011/01/29;2011;40
2011/01/30;2011;50
2011/02/02;2011;40
2011/02/06;2011;40
2011/02/09;2011;40
2011/02/10;2011;30
2011/02/11;2011;25
2011/02/13;2011;40
2011/02/17;2011;25
2011/03/12;2011;30
2011/03/13;2011;40
2011/03/14;2011;30
2011/03/16;2011;35
2011/03/20;2011;40
2011/03/21;2011;30
2011/03/22;2011;35
2011/03/23;2011;50
2011/03/24;2011;25
2011/03/26;2011;40
2011/03/27;2011;50
2011/03/29;2011;50
2011/03/31;2011;40
2011/04/03;2011;50
2011/04/05;2011;50
2011/04/06;2011;35
2011/04/09;2011;60
2011/04/10;2011;45
2011/04/12;2011;35
2011/04/14;2011;55
2011/04/16;2011;70
2011/04/17;2011;50
2011/04/19;2011;45
2011/04/20;2011;45
2011/04/21;2011;55
2011/04/23;2011;55
2011/04/25;2011;55
2011/04/26;2011;60
2011/04/29;2011;90
2011/04/30;2011;45
2011/05/01;2011;50
2011/05/04;2011;40
2011/05/05;2011;45
2011/05/06;2011;30
2011/05/09;2011;45
2011/05/10;2011;50
2011/05/11;2011;35
2011/05/13;2011;35
2011/05/14;2011;60
2011/05/16;2011;40
2011/05/18;2011;35
2011/05/20;2011;55
2011/05/21;2011;55
2011/05/22;2011;45
2011/05/24;2011;40
2011/05/26;2011;50
2011/05/28;2011;55
2011/05/31;2011;60
2011/06/01;2011;35
2011/06/02;2011;40
2011/06/04;2011;85
2011/06/05;2011;50
2011/06/08;2011;40
2011/06/11;2011;50
2011/06/12;2011;80
2011/06/14;2011;30
2011/06/15;2011;30
2011/06/17;2011;45
2011/06/19;2011;70
2011/06/21;2011;40
2011/06/22;2011;40
2011/06/25;2011;40
2011/06/26;2011;60
2011/07/04;2011;35
2011/07/05;2011;35
2011/07/06;2011;35
2011/07/08;2011;35
2011/07/09;2011;60
2011/07/10;2011;50
2011/07/12;2011;50
2011/07/13;2011;50
2011/07/16;2011;60
2011/07/17;2011;65
2011/07/19;2011;40
2011/07/19;2011;30
2011/07/22;2011;55
2011/07/23;2011;35
2011/07/24;2011;55
2011/07/25;2011;65
2011/07/28;2011;45
2011/07/30;2011;55
2011/07/31;2011;80
2011/08/02;2011;55
2011/08/03;2011;35
2011/08/04;2011;60
2011/08/05;2011;85
2011/08/06;2011;50
2011/08/07;2011;65
2011/08/09;2011;45
2011/08/11;2011;35
2011/08/13;2011;55
2011/08/14;2011;75
2011/08/16;2011;45
2011/08/17;2011;35
2011/08/18;2011;35
2011/08/20;2011;60
2011/08/21;2011;70
2011/08/22;2011;105
2011/08/23;2011;70
2011/08/25;2011;30
2011/08/28;2011;45
2011/08/30;2011;75
2011/09/02;2011;55
2011/09/03;2011;60
2011/09/04;2011;65
2011/09/06;2011;35
2011/09/07;2011;30
2011/09/10;2011;75
2011/09/12;2011;45
2011/09/13;2011;30
2011/09/14;2011;25
2011/09/17;2011;60
2011/09/18;2011;30
2011/09/20;2011;40
2011/09/21;2011;35
2011/09/23;2011;30
2011/09/25;2011;55
2011/09/26;2011;40
2011/09/28;2011;35
2011/09/29;2011;25
2011/09/30;2011;50
2011/10/01;2011;55
2011/10/02;2011;50
2011/10/04;2011;30
2011/10/06;2011;30
2011/10/07;2011;30
2011/10/08;2011;30
2011/10/09;2011;35
2011/10/12;2011;30
2011/10/13;2011;35
2011/10/15;2011;40
2011/10/17;2011;40
2011/10/18;2011;35
2011/10/20;2011;35
2011/10/22;2011;50
2011/10/23;2011;30
2011/10/26;2011;30
2011/10/27;2011;40
2011/10/29;2011;80
2011/10/30;2011;30
2011/11/02;2011;30
2011/11/04;2011;30
2011/11/05;2011;35
2011/11/07;2011;30
2011/11/11;2011;30
2011/11/13;2011;40
2011/11/15;2011;35
2011/11/16;2011;30
2011/11/19;2011;55
2011/11/22;2011;45
2011/11/23;2011;25
2011/11/25;2011;30
2011/11/29;2011;45
2011/11/30;2011;30
2011/12/01;2011;30
2011/12/03;2011;40
2011/12/05;2011;30
2011/12/07;2011;45
2011/12/09;2011;25
2011/12/11;2011;40
2011/12/13;2011;30
2011/12/14;2011;35
2011/12/15;2011;40
2011/12/20;2011;35
2011/12/25;2011;30
2011/12/26;2011;40
2011/12/29;2011;35
2011/12/31;2011;35
2012/01/04;2012;30
2012/01/06;2012;35
2012/01/07;2012;40
2012/01/08;2012;35
2012/01/11;2012;25
2012/01/13;2012;35
2012/02/22;2012;45
2012/02/23;2012;30
2012/02/24;2012;30
2012/02/27;2012;25
2012/02/29;2012;35
2012/03/01;2012;30
2012/03/02;2012;30
2012/03/04;2012;30
2012/03/05;2012;30
2012/03/07;2012;35
2012/03/09;2012;30
2012/03/10;2012;35
2012/03/11;2012;40
2012/03/12;2012;30
2012/03/13;2012;25
2012/03/15;2012;35
2012/03/17;2012;55
2012/03/18;2012;55
2012/03/19;2012;25
2012/03/21;2012;45
2012/03/22;2012;40
2012/03/24;2012;40
2012/03/25;2012;35
2012/03/27;2012;35
2012/03/28;2012;35
2012/03/30;2012;40
2012/04/02;2012;30
2012/04/03;2012;30
2012/04/05;2012;35
2012/04/06;2012;40
2012/04/09;2012;45
2012/04/10;2012;30
2012/04/12;2012;35
2012/04/14;2012;45
2012/04/15;2012;30
2012/04/17;2012;35
2012/04/18;2012;35
2012/04/22;2012;30
2012/04/23;2012;30
2012/04/24;2012;40
2012/04/26;2012;40
2012/04/28;2012;90
2012/04/30;2012;45
2012/05/06;2012;30
2012/05/07;2012;35
2012/05/08;2012;35
2012/05/09;2012;45
2012/05/10;2012;30
2012/05/13;2012;30
2012/05/14;2012;40
2012/05/15;2012;30
2012/05/16;2012;45
2012/05/19;2012;115
2012/05/20;2012;35
2012/05/22;2012;35
2012/05/23;2012;35
2012/05/25;2012;45
2012/05/26;2012;45
2012/05/27;2012;45
2012/05/28;2012;30
2012/05/30;2012;35
2012/05/31;2012;35
2012/06/03;2012;40
2012/06/04;2012;45
2012/06/06;2012;40
2012/06/07;2012;40
2012/06/10;2012;50
2012/06/11;2012;45
2012/06/13;2012;45
2012/06/14;2012;35
2012/06/16;2012;50
2012/06/17;2012;50
2012/06/18;2012;30
2012/06/19;2012;30
2012/06/20;2012;30
2012/06/23;2012;45
2012/06/24;2012;45
2012/06/27;2012;35
2012/06/28;2012;30
2012/06/30;2012;40
2012/07/01;2012;35
2012/07/04;2012;30
2012/07/05;2012;30
2012/07/06;2012;40
2012/07/07;2012;45
2012/07/09;2012;35
2012/07/10;2012;45
2012/07/11;2012;25
2012/07/13;2012;35
2012/07/14;2012;30
2012/07/16;2012;35
2012/07/17;2012;30
2012/07/23;2012;20
2012/07/24;2012;55
2012/07/25;2012;55
2012/07/26;2012;30
2012/07/27;2012;35
2012/07/31;2012;35
2012/08/01;2012;45
2012/08/02;2012;45
2012/08/03;2012;35
2012/08/04;2012;45
2012/08/06;2012;45
2012/08/08;2012;35
2012/08/09;2012;30
2012/08/11;2012;65
2012/08/12;2012;90
2012/08/13;2012;30
2012/08/14;2012;25
2012/08/17;2012;45
2012/08/18;2012;65
2012/08/19;2012;65
2012/08/21;2012;45
2012/08/22;2012;45
2012/08/23;2012;95
2012/08/25;2012;45
2012/08/26;2012;35
2012/08/28;2012;30
2012/08/29;2012;30
2012/08/31;2012;20
2012/09/01;2012;40
2012/09/02;2012;45
2012/09/03;2012;30
2012/09/04;2012;35
2012/09/06;2012;40
2012/09/09;2012;45
2012/09/11;2012;40
2012/09/12;2012;35
2012/09/14;2012;30
2012/09/15;2012;35
2012/09/16;2012;45
2012/09/17;2012;40
2012/09/20;2012;40
2012/09/21;2012;40
2012/09/22;2012;35
2012/09/24;2012;35
2012/09/25;2012;35
2012/09/26;2012;70
2012/09/28;2012;35
2012/09/30;2012;35
2012/10/01;2012;40
2012/10/02;2012;30
2012/10/03;2012;45
2012/10/04;2012;30
2012/10/10;2012;30
2012/10/11;2012;30
2012/10/12;2012;40
2012/10/13;2012;40
2012/10/14;2012;35
2012/10/17;2012;35
2012/10/18;2012;35
2012/10/21;2012;50
2012/10/22;2012;35
2012/10/24;2012;40
2012/10/26;2012;25
2012/10/28;2012;65
2012/10/29;2012;45
2012/10/31;2012;45
2012/11/02;2012;30
2012/11/03;2012;30
2012/11/04;2012;50
2012/11/06;2012;30
2012/11/09;2012;30
2012/11/10;2012;50
2012/11/11;2012;75
2012/11/13;2012;40
2012/11/14;2012;30
2012/11/16;2012;35
2012/11/18;2012;50
2012/11/19;2012;35
2012/11/21;2012;30
2012/11/23;2012;35
2012/11/25;2012;50
2012/11/27;2012;30
2012/12/20;2012;25
2012/12/25;2012;25
2012/12/26;2012;25
2012/12/28;2012;30
2012/12/29;2012;30
2012/12/30;2012;30
2013/01/02;2013;35
2013/01/03;2013;20
2013/01/04;2013;40
2013/01/05;2013;40
2013/01/07;2013;35
2013/01/08;2013;20
2013/02/01;2013;30
2013/02/03;2013;35
2013/02/04;2013;25
2013/02/06;2013;25
2013/02/07;2013;35
2013/02/09;2013;30
2013/02/10;2013;35
2013/02/15;2013;20
2013/02/16;2013;30
2013/02/17;2013;30
2013/03/03;2013;40
2013/03/04;2013;35
2013/03/05;2013;30
2013/03/06;2013;30
2013/03/17;2013;35
2013/03/18;2013;30
2013/03/27;2013;35
2013/03/28;2013;45
2013/03/29;2013;30
2013/04/02;2013;30
2013/04/03;2013;45
2013/04/06;2013;45
2013/04/07;2013;45
2013/04/08;2013;30
2013/04/09;2013;25
2013/04/10;2013;35
2013/04/13;2013;35
2013/04/14;2013;40
2013/04/15;2013;35
2013/04/16;2013;35
2013/04/17;2013;35
2013/04/18;2013;30
2013/04/20;2013;60
2013/04/21;2013;50
2013/04/23;2013;45
2013/04/24;2013;35
2013/04/25;2013;45
2013/04/25;2013;50
2013/04/30;2013;95
2013/05/02;2013;40
2013/05/03;2013;90
2013/05/05;2013;50
2013/05/06;2013;35
2013/05/07;2013;30
2013/05/11;2013;45
2013/05/12;2013;55
2013/05/13;2013;35
2013/05/14;2013;40
2013/05/15;2013;45
2013/05/16;2013;40
2013/05/18;2013;50
2013/05/19;2013;50
2013/05/20;2013;30
2013/05/22;2013;45
2013/05/23;2013;40
2013/05/24;2013;50
2013/05/26;2013;50
2013/05/27;2013;45
2013/05/29;2013;50
2013/05/30;2013;55
2013/05/31;2013;35
2013/06/01;2013;60
2013/06/02;2013;50
2013/06/03;2013;45
2013/06/04;2013;20
2013/06/06;2013;55
2013/06/07;2013;35
2013/06/08;2013;50
2013/06/09;2013;55
2013/06/10;2013;45
2013/06/12;2013;50
2013/06/13;2013;55
2013/06/15;2013;130
2013/06/16;2013;45
2013/06/18;2013;40
2013/06/19;2013;40
2013/06/21;2013;40
2013/06/22;2013;40
2013/06/23;2013;55
2013/06/24;2013;35
2013/06/27;2013;35
2013/06/29;2013;40
2013/06/30;2013;45
2013/07/03;2013;35
2013/07/04;2013;35
2013/07/06;2013;55
2013/07/07;2013;120
2013/07/09;2013;35
2013/07/10;2013;45
2013/07/11;2013;35
2013/07/13;2013;40
2013/07/14;2013;45
2013/07/16;2013;65
2013/07/17;2013;55
2013/07/18;2013;100
2013/07/20;2013;70
2013/07/21;2013;60
2013/07/23;2013;35
2013/07/24;2013;30
2013/07/25;2013;35
2013/07/26;2013;45
2013/07/29;2013;35
2013/07/31;2013;45
2013/08/02;2013;30
2013/08/03;2013;45
2013/08/04;2013;30
2013/08/05;2013;35
2013/08/06;2013;40
2013/08/07;2013;40
2013/08/08;2013;45
2013/08/10;2013;30
2013/08/11;2013;50
2013/08/13;2013;30
2013/08/15;2013;60
2013/08/16;2013;35
2013/08/17;2013;65
2013/08/18;2013;45
2013/08/19;2013;30
2013/08/20;2013;35
2013/08/21;2013;45
2013/08/24;2013;50
2013/08/25;2013;60
2013/08/26;2013;45
2013/08/29;2013;35
2013/08/30;2013;35
2013/08/31;2013;60
2013/09/01;2013;45
2013/09/03;2013;45
2013/09/04;2013;65
2013/09/05;2013;55
2013/09/07;2013;60
2013/09/08;2013;110
2013/09/10;2013;50
2013/09/15;2013;50
2013/09/16;2013;40
2013/09/18;2013;50
2013/09/21;2013;50
2013/09/22;2013;55
2013/09/29;2013;30
2013/09/30;2013;35
2013/10/02;2013;35
2013/10/03;2013;50
2013/10/05;2013;50
2013/10/06;2013;50
2013/10/07;2013;35
2013/10/09;2013;40
2013/10/10;2013;40
2013/10/12;2013;55
2013/10/13;2013;50
2013/10/14;2013;35
2013/10/16;2013;50
2013/10/19;2013;65
2013/10/20;2013;30
2013/10/22;2013;35
2013/10/23;2013;35
2013/10/24;2013;30
2013/10/28;2013;35
2013/10/29;2013;30
2013/10/30;2013;45
2013/11/02;2013;50
2013/11/03;2013;40
2013/11/04;2013;30
2013/11/05;2013;40
2013/11/10;2013;55
2013/11/11;2013;40
2013/11/12;2013;30
2013/11/16;2013;45
2013/11/17;2013;55
2013/11/18;2013;20
2013/11/21;2013;40
2013/11/23;2013;55
2013/11/28;2013;30
2013/11/29;2013;40
2013/12/01;2013;30
2013/12/02;2013;35
2013/12/05;2013;35
2013/12/15;2013;25
2013/12/16;2013;30
2013/12/17;2013;25
2013/12/18;2013;35
2013/12/21;2013;35
2013/12/22;2013;40
2013/12/23;2013;25
2013/12/26;2013;50
2013/12/28;2013;45
2014/01/01;2014;25
2014/01/02;2014;30
2014/01/03;2014;25
2014/01/04;2014;40
2014/01/07;2014;25
2014/01/08;2014;30
2014/02/07;2014;30
2014/02/09;2014;35
2014/02/10;2014;30
2014/02/12;2014;30
2014/02/13;2014;30
2014/02/14;2014;35
2014/02/15;2014;40
2014/02/16;2014;45
2014/02/18;2014;45
2014/02/19;2014;45
2014/02/21;2014;50
2014/02/23;2014;55
2014/02/24;2014;35
2014/02/25;2014;25
2014/02/26;2014;30
2014/02/27;2014;35
2014/03/02;2014;60
2014/03/03;2014;35
2014/03/04;2014;35
2014/03/05;2014;35
2014/03/06;2014;35
2014/03/08;2014;60
2014/03/09;2014;55
2014/03/10;2014;40
2014/03/12;2014;40
2014/03/13;2014;45
2014/03/16;2014;30
2014/03/19;2014;25
2014/03/20;2014;45
2014/03/21;2014;35
2014/03/22;2014;50
2014/03/23;2014;55
2014/03/26;2014;45
2014/03/27;2014;45
2014/03/29;2014;35
2014/03/30;2014;50
2014/03/31;2014;30
2014/04/01;2014;40
2014/04/08;2014;40
2014/04/10;2014;40
2014/04/11;2014;40
2014/04/13;2014;40
2014/04/15;2014;45
2014/04/16;2014;50
2014/04/17;2014;35
2014/04/25;2014;40
2014/04/26;2014;50
2014/04/27;2014;55
2014/04/28;2014;45
2014/04/29;2014;35
2014/04/30;2014;105
2014/05/02;2014;100
2014/05/03;2014;60
2014/05/06;2014;45
2014/05/07;2014;25
2014/05/09;2014;35
2014/05/10;2014;40
2014/05/12;2014;30
2014/05/14;2014;45
2014/05/15;2014;40
2014/05/17;2014;40
2014/05/18;2014;40
2014/05/19;2014;45
2014/05/20;2014;45
2014/05/21;2014;35
2014/05/24;2014;55
2014/05/25;2014;55
2014/05/28;2014;35
2014/05/29;2014;30
2014/05/31;2014;65
2014/06/01;2014;50
2014/06/03;2014;30
2014/06/04;2014;35
2014/06/05;2014;35
2014/06/07;2014;55
2014/06/08;2014;55
2014/06/10;2014;40
2014/06/11;2014;35
2014/06/12;2014;40
2014/06/15;2014;60
2014/06/16;2014;30
2014/06/17;2014;30
2014/06/19;2014;45
2014/06/22;2014;35
2014/06/24;2014;45
2014/06/25;2014;35
2014/06/26;2014;60
2014/06/28;2014;55
2014/06/29;2014;40
2014/06/30;2014;30
2014/07/01;2014;35
2014/07/02;2014;30
2014/07/04;2014;40
2014/07/05;2014;50
2014/07/06;2014;50
2014/07/09;2014;30
2014/07/10;2014;45
2014/07/13;2014;50
2014/07/14;2014;35
2014/07/15;2014;35
2014/07/18;2014;20
2014/07/19;2014;50
2014/07/20;2014;50
2014/07/21;2014;30
2014/07/23;2014;35
2014/07/24;2014;45
2014/07/26;2014;40
2014/07/27;2014;50
2014/07/29;2014;35
2014/07/30;2014;40
2014/08/02;2014;55
2014/08/06;2014;45
2014/08/07;2014;40
2014/08/09;2014;60
2014/08/10;2014;50
2014/08/12;2014;55
2014/08/14;2014;35
2014/08/15;2014;50
2014/08/16;2014;50
2014/08/17;2014;45
2014/08/20;2014;25
2014/08/21;2014;35
2014/08/21;2014;45
2014/09/03;2014;35
2014/09/05;2014;35
2014/09/06;2014;45
2014/09/07;2014;40
2014/09/09;2014;35
2014/09/11;2014;35
2014/09/13;2014;45
2014/09/14;2014;50
2014/09/16;2014;35
2014/09/18;2014;45
2014/09/19;2014;45
2014/09/20;2014;50
2014/09/21;2014;50
2014/09/24;2014;35
2014/09/26;2014;35
2014/10/01;2014;40
2014/10/02;2014;35
2014/10/04;2014;45
2014/10/05;2014;50
2014/10/07;2014;35
2014/10/08;2014;35
2014/10/12;2014;45
2014/10/15;2014;35
2014/10/16;2014;30
2014/10/18;2014;45
2014/10/19;2014;60
2014/10/23;2014;35
2014/10/24;2014;30
2014/10/27;2014;35
2014/10/29;2014;45
2014/10/31;2014;25
2014/11/02;2014;50
2014/11/04;2014;40
2014/11/05;2014;45
2014/11/06;2014;35
2014/11/10;2014;30
2014/11/11;2014;50
2014/11/21;2014;30
2014/11/23;2014;50
2014/11/25;2014;40
2014/11/26;2014;55
2014/11/29;2014;35
2014/12/01;2014;20
2014/12/03;2014;35
2014/12/07;2014;40
2014/12/09;2014;30
2014/12/11;2014;35
2014/12/12;2014;40
2014/12/14;2014;40
2014/12/15;2014;25
2015/01/04;2015;25
2015/01/05;2015;30
2015/01/13;2015;40
2015/01/14;2015;30
2015/01/15;2015;35
2015/01/17;2015;30
2015/01/18;2015;30
2015/01/19;2015;30
2015/01/22;2015;30
2015/01/24;2015;35
2015/01/25;2015;30
2015/01/28;2015;30
2015/01/29;2015;30
2015/01/31;2015;35
2015/02/01;2015;30
2015/02/03;2015;40
2015/02/04;2015;25
2015/02/06;2015;35
2015/02/08;2015;30
2015/02/10;2015;35
2015/02/11;2015;50
2015/02/12;2015;30
2015/02/14;2015;40
2015/02/15;2015;45
2015/02/17;2015;35
2015/02/18;2015;40
2015/02/19;2015;40
2015/02/21;2015;50
2015/02/22;2015;45
2015/02/23;2015;40
2015/02/24;2015;40
2015/02/25;2015;45
2015/02/26;2015;30
2015/02/28;2015;45
2015/03/01;2015;45
2015/03/03;2015;30
2015/03/04;2015;35
2015/03/05;2015;35
2015/03/08;2015;50
2015/03/09;2015;35
2015/03/10;2015;40
2015/03/11;2015;35
2015/03/12;2015;40
2015/03/15;2015;65
2015/03/16;2015;50
2015/03/17;2015;45
2015/03/18;2015;50
2015/03/19;2015;35
2015/03/22;2015;45
2015/03/24;2015;55
2015/03/25;2015;35
2015/03/27;2015;40
2015/03/28;2015;55
2015/03/31;2015;40
2015/04/02;2015;40
2015/04/03;2015;25
2015/04/04;2015;35
2015/04/06;2015;25
2015/04/07;2015;45
2015/04/08;2015;50
2015/04/09;2015;40
2015/04/11;2015;55
2015/04/12;2015;45
2015/04/22;2015;45
2015/04/23;2015;30
2015/04/25;2015;50
2015/04/26;2015;45
2015/04/29;2015;35
2015/05/06;2015;30
2015/05/09;2015;35
2015/05/10;2015;45
2015/05/11;2015;35
2015/05/13;2015;35
2015/05/14;2015;35
2015/05/16;2015;65
2015/05/17;2015;45
2015/05/18;2015;30
2015/05/19;2015;30
2015/05/21;2015;30
2015/05/23;2015;45
2015/05/24;2015;45
2015/05/27;2015;45
2015/05/28;2015;35
2015/05/30;2015;30
2015/05/31;2015;45
2015/06/02;2015;35
2015/06/03;2015;60
2015/06/04;2015;25
2015/06/05;2015;70
2015/06/07;2015;65
2015/06/10;2015;45
2015/06/11;2015;45
2015/06/13;2015;45
2015/06/14;2015;65
2015/06/15;2015;35
2015/06/17;2015;40
2015/06/22;2015;35
2015/06/23;2015;25
2015/06/24;2015;40
2015/06/25;2015;35
2015/06/27;2015;50
2015/06/28;2015;50
2015/06/29;2015;40
2015/07/01;2015;40
2015/07/04;2015;50
2015/07/05;2015;55
2015/07/06;2015;35
2015/07/08;2015;50
2015/07/09;2015;45
2015/07/11;2015;45
2015/07/12;2015;50
2015/07/15;2015;140
2015/07/16;2015;35
2015/07/18;2015;60
2015/07/19;2015;75
2015/07/20;2015;40
2015/07/22;2015;45
2015/07/24;2015;140
2015/07/25;2015;80
2015/07/27;2015;30
2015/07/29;2015;40
2015/08/01;2015;60
2015/08/02;2015;60
2015/08/05;2015;45
2015/08/06;2015;60
2015/08/08;2015;50
2015/08/09;2015;60
2015/08/15;2015;50
2015/08/16;2015;50
2015/08/17;2015;40
2015/08/18;2015;45
2015/08/19;2015;50
2015/08/31;2015;35
2015/09/02;2015;30
2015/09/03;2015;45
2015/09/05;2015;50
2015/09/06;2015;45
2015/09/08;2015;30
2015/09/09;2015;40
2015/09/10;2015;45
2015/09/12;2015;45
2015/09/13;2015;50
2015/09/15;2015;40
2015/09/16;2015;45
2015/09/15;2015;45
2015/09/25;2015;35
2015/09/26;2015;50
2015/09/27;2015;60
2015/09/28;2015;35
2015/09/30;2015;50
2015/10/01;2015;35
2015/10/04;2015;40
2015/10/05;2015;40
2015/10/07;2015;45
2015/10/08;2015;40
2015/10/09;2015;50
2015/10/12;2015;35
2015/10/14;2015;45
2015/10/15;2015;35
2015/10/17;2015;55
2015/10/19;2015;35
2015/10/21;2015;45
2015/10/24;2015;60
2015/10/25;2015;50
2015/10/26;2015;40
2015/10/28;2015;50
2015/10/29;2015;35
2015/10/31;2015;60
2015/11/02;2015;40
2015/11/04;2015;40
2015/11/05;2015;40
2015/11/07;2015;50
2015/11/08;2015;40
2015/11/11;2015;60
2015/11/12;2015;40
2015/11/14;2015;40
2015/11/15;2015;45
2015/11/17;2015;30
2015/11/18;2015;30
2015/11/20;2015;40
2015/11/22;2015;35
2015/11/24;2015;40
2015/11/25;2015;30
2015/11/27;2015;35
2015/11/28;2015;40
2015/11/29;2015;40
2015/12/02;2015;50
2015/12/03;2015;40
2015/12/05;2015;50
2015/12/06;2015;45
2015/12/08;2015;40
2015/12/09;2015;45
2015/12/12;2015;45
2015/12/14;2015;45
2015/12/16;2015;40
2015/12/18;2015;35
2015/12/20;2015;50
2015/12/22;2015;40
2015/12/23;2015;40
2015/12/25;2015;50
2015/12/27;2015;40
2015/12/28;2015;35
2015/12/30;2015;30
2015/12/31;2015;30
2016/01/01;2016;30
2016/01/06;2016;20
2016/01/07;2016;30
2016/01/10;2016;35
2016/01/11;2016;30
2016/01/12;2016;35
2016/01/13;2016;35
2016/01/14;2016;30
2016/01/18;2016;45
2016/01/25;2016;35
2016/01/26;2016;30
2016/01/27;2016;35
2016/01/28;2016;30
2016/01/29;2016;45
2016/01/31;2016;45
2016/02/01;2016;45
2016/02/02;2016;35
2016/02/03;2016;45
2016/02/05;2016;30
2016/02/07;2016;45
2016/02/13;2016;50
2016/02/20;2016;35
2016/02/21;2016;35
2016/02/23;2016;40
2016/02/24;2016;45
2016/02/25;2016;50
2016/02/27;2016;50
2016/02/28;2016;55
2016/03/01;2016;50
2016/03/02;2016;60
2016/03/03;2016;55
2016/03/06;2016;40
2016/03/07;2016;45
2016/03/08;2016;45
2016/03/09;2016;50
2016/03/11;2016;35
2016/03/13;2016;50
2016/03/14;2016;50
2016/03/15;2016;30
2016/03/16;2016;45
2016/03/18;2016;45
2016/03/20;2016;45
2016/03/21;2016;45
2016/03/23;2016;65
2016/03/24;2016;50
2016/03/26;2016;55
2016/03/28;2016;60
2016/03/29;2016;40
2016/03/30;2016;45
2016/04/02;2016;75
2016/04/03;2016;55
2016/04/04;2016;70
2016/04/06;2016;50
2016/04/07;2016;65
2016/04/09;2016;90
2016/04/10;2016;50
2016/04/12;2016;40
2016/04/14;2016;40
2016/04/15;2016;40
2016/04/16;2016;55
2016/04/17;2016;35
2016/04/19;2016;40
2016/04/20;2016;45
2016/04/22;2016;40
2016/04/23;2016;60
2016/04/25;2016;45
2016/04/26;2016;50
2016/04/28;2016;155
2016/04/29;2016;45
2016/04/30;2016;55
2016/05/01;2016;55
2016/05/02;2016;125
2016/05/03;2016;50
2016/05/06;2016;45
2016/05/07;2016;55
2016/05/08;2016;60
2016/05/10;2016;45
2016/05/11;2016;45
2016/05/14;2016;55
2016/05/15;2016;45
2016/05/18;2016;45
2016/05/19;2016;50
2016/05/21;2016;50
2016/05/23;2016;70
2016/05/24;2016;40
2016/05/25;2016;60
2016/05/28;2016;50
2016/05/29;2016;55
2016/05/30;2016;40
2016/05/31;2016;35
2016/06/01;2016;45
2016/06/04;2016;75
2016/06/05;2016;55
2016/06/06;2016;55
2016/06/08;2016;45
2016/06/09;2016;50
2016/06/11;2016;75
2016/06/12;2016;55
2016/06/13;2016;35
2016/06/15;2016;45
2016/06/16;2016;40
2016/06/19;2016;80
2016/06/20;2016;60
2016/06/22;2016;45
2016/06/23;2016;40
2016/06/25;2016;60
2016/06/26;2016;50
2016/06/27;2016;60
2016/06/29;2016;45
2016/07/02;2016;75
2016/07/03;2016;65
2016/07/04;2016;50
2016/07/05;2016;45
2016/07/07;2016;60
2016/07/09;2016;60
2016/07/10;2016;60
2016/07/11;2016;45
2016/07/14;2016;40
2016/07/16;2016;200
2016/07/17;2016;55
2016/07/20;2016;45
2016/07/21;2016;50
2016/07/22;2016;35
2016/07/23;2016;55
2016/07/24;2016;55
2016/07/27;2016;80
2016/07/28;2016;30
2016/07/29;2016;40
2016/07/31;2016;45
2016/08/02;2016;45
2016/08/03;2016;45
2016/08/04;2016;50
2016/08/06;2016;55
2016/08/08;2016;20
2016/08/09;2016;55
2016/08/13;2016;60
2016/08/14;2016;40
2016/08/17;2016;45
2016/08/18;2016;40
2016/08/20;2016;50
2016/08/21;2016;50
2016/08/23;2016;40
2016/08/24;2016;45
2016/08/27;2016;50
2016/08/28;2016;50
2016/08/31;2016;45
2016/09/01;2016;45
2016/09/02;2016;45
2016/09/05;2016;40
2016/09/07;2016;75
2016/09/08;2016;60
2016/09/11;2016;80
2016/09/12;2016;30
2016/09/13;2016;65
2016/09/14;2016;45
2016/09/15;2016;65
2016/09/16;2016;70
2016/09/18;2016;55
2016/09/19;2016;40
2016/09/21;2016;50
2016/09/22;2016;45
2016/09/23;2016;45
2016/09/24;2016;80
2016/09/25;2016;85
2016/09/27;2016;55
2016/09/29;2016;50
2016/10/01;2016;65
2016/10/04;2016;40
2016/10/05;2016;35
2016/10/06;2016;30
2016/10/09;2016;40
2016/10/10;2016;45
2016/10/12;2016;40
2016/10/13;2016;45
2016/10/14;2016;30
2016/10/17;2016;60
2016/10/18;2016;35
2016/10/19;2016;35
2016/10/21;2016;30
2016/10/23;2016;50
2016/10/25;2016;40
2016/10/27;2016;50
2016/10/28;2016;35
2016/10/29;2016;40
2016/10/30;2016;40
2016/11/04;2016;40
2016/11/05;2016;60
2016/11/06;2016;50
2016/11/08;2016;40
2016/11/10;2016;40
2016/11/11;2016;40
2016/11/12;2016;40
2016/11/13;2016;55
2016/11/14;2016;30
2016/11/16;2016;50
2016/11/18;2016;35
2016/11/20;2016;65
2016/11/21;2016;45
2016/11/22;2016;60
2016/11/23;2016;40
2016/11/24;2016;40
2016/11/26;2016;40
2016/11/27;2016;55
2016/11/29;2016;35
2016/11/30;2016;40
2016/12/01;2016;45
2016/12/02;2016;25
2016/12/03;2016;50
2016/12/04;2016;35
2016/12/05;2016;50
2016/12/07;2016;45
2016/12/08;2016;40
2016/12/09;2016;50
2016/12/11;2016;45
2016/12/12;2016;30
2016/12/14;2016;40
2016/12/15;2016;45
2016/12/18;2016;45
2016/12/19;2016;50
2016/12/20;2016;45
2016/12/21;2016;45
2016/12/22;2016;50
2016/12/23;2016;45
2016/12/25;2016;40
2016/12/26;2016;50
2016/12/27;2016;40
2016/12/28;2016;50
2016/12/30;2016;55
2016/12/31;2016;60
2017/01/01;2017;50
2017/01/02;2017;45
2017/01/04;2017;45
2017/01/05;2017;20
2017/01/12;2017;40
2017/01/13;2017;40
2017/01/17;2017;50
2017/01/18;2017;45
2017/01/19;2017;45
2017/01/21;2017;50
2017/01/22;2017;55
2017/01/23;2017;55
2017/01/24;2017;40
2017/01/25;2017;45
2017/01/27;2017;25
2017/01/28;2017;105
2017/01/29;2017;55
2017/01/30;2017;45
2017/02/01;2017;45
2017/02/02;2017;40
2017/02/03;2017;55
2017/02/04;2017;55
2017/02/05;2017;75
2017/02/06;2017;60
2017/02/13;2017;40
2017/02/14;2017;55
2017/02/15;2017;60
2017/02/18;2017;50
2017/02/19;2017;80
2017/02/20;2017;35
2017/02/21;2017;55
2017/02/22;2017;40
2017/02/24;2017;50
2017/02/25;2017;65
2017/02/26;2017;55
2017/02/27;2017;30
2017/03/01;2017;65
2017/03/02;2017;40
2017/03/03;2017;40
2017/03/04;2017;75
2017/03/05;2017;55
2017/03/06;2017;35
2017/03/08;2017;60
2017/03/10;2017;45
2017/03/11;2017;100
2017/03/12;2017;70
2017/03/13;2017;30
2017/03/15;2017;45
2017/03/16;2017;60
2017/03/17;2017;50
2017/03/19;2017;55
2017/03/20;2017;40
2017/03/21;2017;35
2017/03/22;2017;50
2017/03/23;2017;60
2017/03/25;2017;50
2017/03/26;2017;75
2017/03/27;2017;55
2017/03/28;2017;50
2017/03/29;2017;45
2017/03/30;2017;45
2017/03/31;2017;35
2017/04/01;2017;90
2017/04/02;2017;95
2017/04/03;2017;35
2017/04/05;2017;65
2017/04/06;2017;45
2017/04/08;2017;100
2017/04/09;2017;90
2017/04/10;2017;75
2017/04/11;2017;35
2017/04/13;2017;40
2017/04/14;2017;40
2017/04/16;2017;80
2017/04/17;2017;85
2017/04/18;2017;65
2017/04/19;2017;80
2017/04/20;2017;50
2017/04/22;2017;70
2017/04/23;2017;100
2017/04/25;2017;45
2017/04/26;2017;80
2017/04/27;2017;35
2017/04/28;2017;190
2017/04/30;2017;90
2017/05/01;2017;75
2017/05/02;2017;65
2017/05/03;2017;190
2017/05/04;2017;30
2017/05/06;2017;90
2017/05/07;2017;90
2017/05/08;2017;40
2017/05/09;2017;40
2017/05/10;2017;35
2017/05/12;2017;105
2017/05/13;2017;100
2017/05/14;2017;60
2017/05/15;2017;40
2017/05/16;2017;145
2017/05/17;2017;60
2017/05/18;2017;75
2017/05/20;2017;80
2017/05/21;2017;80
2017/05/22;2017;50
2017/05/24;2017;45
2017/05/25;2017;60
2017/05/27;2017;20
2017/05/27;2017;100
2017/05/28;2017;110
2017/05/29;2017;60
2017/05/31;2017;65
2017/06/01;2017;40
2017/06/02;2017;45
2017/06/03;2017;110
2017/06/04;2017;80
2017/06/06;2017;70
2017/06/07;2017;55
2017/06/08;2017;90
2017/06/09;2017;45
2017/06/10;2017;90
2017/06/11;2017;75
2017/06/12;2017;30
2017/06/13;2017;75
2017/06/14;2017;75
2017/06/15;2017;20
2017/06/15;2017;50
2017/06/16;2017;65
2017/06/18;2017;75
2017/06/19;2017;70
2017/06/20;2017;25
2017/06/21;2017;25
2017/06/21;2017;60
2017/06/22;2017;25
2017/06/23;2017;25
2017/06/23;2017;70
2017/06/24;2017;75
2017/06/25;2017;65
2017/06/27;2017;225
2017/06/28;2017;65
2017/06/30;2017;25
2017/07/01;2017;95
2017/07/02;2017;90
2017/07/03;2017;25
2017/07/04;2017;60
2017/07/05;2017;75
2017/07/06;2017;45
2017/07/07;2017;85
2017/07/08;2017;110
2017/07/09;2017;120
2017/07/10;2017;60
2017/07/11;2017;50
2017/07/13;2017;180
2017/07/14;2017;90
2017/07/15;2017;110
2017/07/16;2017;155
2017/07/18;2017;125
2017/07/20;2017;35
2017/07/21;2017;35
2017/07/22;2017;160
2017/07/23;2017;105
2017/07/24;2017;100
2017/07/25;2017;25
2017/07/26;2017;55
2017/07/27;2017;35
2017/07/28;2017;55
2017/07/29;2017;135
2017/07/30;2017;50
2017/07/31;2017;35
2017/07/31;2017;40
2017/08/01;2017;50
2017/08/02;2017;75
2017/08/03;2017;95
2017/08/04;2017;50
2017/08/05;2017;50
2017/08/06;2017;80
2017/08/07;2017;40
2017/08/08;2017;40
2017/08/09;2017;25
2017/08/09;2017;50
2017/08/10;2017;25
2017/08/11;2017;50
2017/08/12;2017;25
2017/08/12;2017;80
2017/08/13;2017;50
2017/08/14;2017;60
2017/08/15;2017;60
2017/08/16;2017;145
2017/08/18;2017;20
2017/08/18;2017;50
2017/08/19;2017;55
2017/08/20;2017;95
2017/08/21;2017;20
2017/08/22;2017;35
2017/08/23;2017;50
2017/08/25;2017;25
2017/08/26;2017;45
2017/08/28;2017;60
2017/08/28;2017;20
2017/08/29;2017;40
2017/08/31;2017;50
2017/08/31;2017;40
2017/09/01;2017;35
2017/09/02;2017;35
2017/09/03;2017;50
2017/09/05;2017;65
2017/09/07;2017;30
2017/09/08;2017;35
2017/09/09;2017;75
2017/09/10;2017;60
2017/09/11;2017;35
2017/09/12;2017;60
2017/09/13;2017;50
2017/09/16;2017;65
2017/09/17;2017;80
2017/09/19;2017;45
2017/09/20;2017;80
2017/09/21;2017;45
2017/09/23;2017;65
2017/09/24;2017;165
2017/09/25;2017;30
2017/09/27;2017;50
2017/09/28;2017;65
2017/09/30;2017;125
2017/10/01;2017;65
2017/10/02;2017;60
2017/10/09;2017;45
2017/10/10;2017;65
2017/10/11;2017;55
2017/10/14;2017;65
2017/10/15;2017;60
2017/10/16;2017;75
2017/10/17;2017;45
2017/10/18;2017;45
2017/10/19;2017;25
2017/10/22;2017;70
2017/10/23;2017;60
2017/10/24;2017;75
2017/10/25;2017;20
2017/10/28;2017;50
2017/10/29;2017;55
2017/10/30;2017;55
2017/10/31;2017;40
2017/11/02;2017;30
2017/11/03;2017;60
2017/11/04;2017;60
2017/11/05;2017;75
2017/11/06;2017;35
2017/11/07;2017;70
2017/11/08;2017;55
2017/11/10;2017;75
2017/11/11;2017;35
2017/11/12;2017;70
2017/11/14;2017;50
2017/11/15;2017;85
2017/11/16;2017;50
2017/11/18;2017;70
2017/11/19;2017;70
2017/11/21;2017;75
2017/11/22;2017;55
2017/11/23;2017;50
2017/11/27;2017;40
2017/11/28;2017;60
2017/11/29;2017;50
2017/11/30;2017;40
2017/12/02;2017;70
2017/12/03;2017;60
2017/12/04;2017;40
2017/12/05;2017;40
2017/12/06;2017;35
2017/12/07;2017;30
2017/12/08;2017;120
2017/12/09;2017;75
2017/12/10;2017;60
2017/12/11;2017;30
2017/12/12;2017;45
2017/12/13;2017;50
2017/12/14;2017;35
2017/12/17;2017;65
2017/12/18;2017;40
2017/12/19;2017;45
2017/12/20;2017;50
2017/12/21;2017;60
2017/12/22;2017;60
2017/12/23;2017;50
2017/12/24;2017;55
2017/12/24;2017;25
2017/12/25;2017;50
2017/12/26;2017;70
2017/12/27;2017;70
2017/12/28;2017;45
2017/12/29;2017;65
2017/12/30;2017;120
2017/12/31;2017;65
