dd;mm;yyyy;dist
02;04;1993;25
03;04;1993;25
05;04;1993;40
07;04;1993;40
13;04;1993;50
14;04;1993;50
16;04;1993;50
16;04;1993;50
22;04;1993;40
23;04;1993;40
24;04;1993;50
25;04;1993;50
26;04;1993;50
29;04;1993;50
30;04;1993;110
01;05;1993;80
06;05;1993;50
07;05;1993;40
08;05;1993;40
10;05;1993;50
12;05;1993;50
13;05;1993;40
15;05;1993;50
16;05;1993;40
19;05;1993;50
20;05;1993;40
22;05;1993;70
23;05;1993;110
26;05;1993;50
27;05;1993;50
28;05;1993;40
30;05;1993;40
02;06;1993;70
04;06;1993;50
04;06;1993;50
08;06;1993;50
09;06;1993;50
10;06;1993;40
12;06;1993;50
18;06;1993;50
19;06;1993;50
23;06;1993;70
24;06;1993;50
25;06;1993;50
27;06;1993;40
29;06;1993;50
01;07;1993;40
02;07;1993;70
04;07;1993;50
06;07;1993;50
08;07;1993;50
09;07;1993;40
12;07;1993;50
14;07;1993;40
15;07;1993;50
17;07;1993;70
03;08;1993;40
05;08;1993;50
06;08;1993;40
07;08;1993;40
08;08;1993;40
10;08;1993;50
12;08;1993;50
13;08;1993;50
15;08;1993;60
16;08;1993;50
17;08;1993;70
18;08;1993;50
20;08;1993;50
22;08;1993;70
23;08;1993;40
26;08;1993;50
28;08;1993;40
29;08;1993;70
31;08;1993;40
01;09;1993;50
05;09;1993;50
06;09;1993;40
07;09;1993;40
08;09;1993;40
09;09;1993;50
10;09;1993;50
13;09;1993;50
15;09;1993;40
16;09;1993;40
17;09;1993;40
19;09;1993;40
23;09;1993;40
24;09;1993;40
25;09;1993;50
28;09;1993;40
29;09;1993;40
01;10;1993;40
02;10;1993;50
03;10;1993;50
04;10;1993;40
06;10;1993;50
07;10;1993;40
08;10;1993;40
09;10;1993;40
10;10;1993;100
12;10;1993;40
14;10;1993;40
16;10;1993;70
19;10;1993;40
26;10;1993;40
27;10;1993;40
29;10;1993;30
16;01;1994;30
22;01;1994;30
23;01;1994;30
28;01;1994;20
29;01;1994;40
05;02;1994;30
06;02;1994;25
12;02;1994;40
13;02;1994;35
19;02;1994;60
20;02;1994;70
27;02;1994;30
01;03;1994;40
02;03;1994;40
10;03;1994;60
12;03;1994;30
31;03;1994;60
01;04;1994;20
05;04;1994;50
06;04;1994;20
08;04;1994;50
09;04;1994;70
10;04;1994;20
11;04;1994;40
12;04;1994;20
13;04;1994;20
14;04;1994;40
15;04;1994;50
16;04;1994;20
17;04;1994;70
18;04;1994;20
19;04;1994;20
20;04;1994;20
21;04;1994;40
22;04;1994;40
23;04;1994;20
24;04;1994;80
25;04;1994;20
27;04;1994;20
28;04;1994;20
29;04;1994;20
04;05;1994;20
05;05;1994;20
06;05;1994;20
07;05;1994;30
09;05;1994;20
10;05;1994;20
11;05;1994;20
12;05;1994;20
13;05;1994;20
14;05;1994;20
15;05;1994;40
16;05;1994;20
17;05;1994;20
18;05;1994;20
19;05;1994;20
21;05;1994;20
23;05;1994;20
24;05;1994;40
25;05;1994;40
26;05;1994;20
27;05;1994;20
28;05;1994;70
30;05;1994;20
31;05;1994;20
01;06;1994;20
03;06;1994;40
04;06;1994;45
05;06;1994;20
06;06;1994;20
07;06;1994;20
08;06;1994;40
09;06;1994;20
10;06;1994;35
11;06;1994;35
12;06;1994;45
13;06;1994;20
14;06;1994;20
15;06;1994;35
17;06;1994;20
18;06;1994;20
19;06;1994;20
24;06;1994;20
25;06;1994;70
25;06;1994;60
27;06;1994;20
28;06;1994;20
29;06;1994;40
30;06;1994;20
01;07;1994;40
02;07;1994;50
03;07;1994;80
04;07;1994;20
05;07;1994;20
06;07;1994;20
07;07;1994;40
09;07;1994;50
11;07;1994;20
12;07;1994;40
13;07;1994;20
14;07;1994;20
15;07;1994;60
16;07;1994;60
17;07;1994;40
18;07;1994;20
19;07;1994;20
20;07;1994;20
21;07;1994;20
22;07;1994;45
23;07;1994;40
25;07;1994;20
26;07;1994;20
27;07;1994;20
28;07;1994;20
29;07;1994;20
30;07;1994;20
01;08;1994;20
02;08;1994;20
03;08;1994;40
04;08;1994;20
05;08;1994;20
06;08;1994;40
07;08;1994;35
08;08;1994;20
09;08;1994;20
10;08;1994;35
11;08;1994;20
12;08;1994;35
13;08;1994;20
14;08;1994;40
15;08;1994;35
16;08;1994;20
19;08;1994;35
29;08;1994;20
30;08;1994;20
31;08;1994;20
01;09;1994;35
02;09;1994;20
05;09;1994;20
06;09;1994;20
07;09;1994;20
08;09;1994;20
09;09;1994;20
12;09;1994;20
13;09;1994;20
14;09;1994;20
15;09;1994;20
16;09;1994;20
19;09;1994;20
20;09;1994;20
23;09;1994;20
23;04;1995;60
24;04;1995;40
25;04;1995;40
26;04;1995;20
27;04;1995;50
28;04;1995;60
29;04;1995;45
03;05;1995;40
04;05;1995;20
05;05;1995;20
06;05;1995;50
08;05;1995;50
09;05;1995;20
11;05;1995;20
12;05;1995;40
15;05;1995;20
16;05;1995;20
18;05;1995;20
19;05;1995;20
20;05;1995;50
22;05;1995;20
23;05;1995;40
24;05;1995;40
25;05;1995;40
26;05;1995;50
27;05;1995;20
28;05;1995;20
29;05;1995;50
30;05;1995;60
31;05;1995;50
01;06;1995;20
02;06;1995;20
03;06;1995;20
04;06;1995;40
05;06;1995;20
06;06;1995;50
07;06;1995;20
09;06;1995;50
10;06;1995;60
12;06;1995;20
13;06;1995;40
14;06;1995;35
20;06;1995;55
21;06;1995;45
22;06;1995;40
24;06;1995;20
25;06;1995;20
29;06;1995;20
30;06;1995;20
02;07;1995;60
08;07;1995;20
09;07;1995;60
14;07;1995;20
15;07;1995;45
18;07;1995;30
19;07;1995;20
20;07;1995;20
21;07;1995;20
22;07;1995;30
23;07;1995;20
24;07;1995;20
25;07;1995;20
26;07;1995;20
01;08;1995;35
02;08;1995;30
03;08;1995;20
05;08;1995;20
07;08;1995;20
08;08;1995;35
09;08;1995;20
10;08;1995;30
11;08;1995;25
12;08;1995;30
13;08;1995;35
14;08;1995;30
16;08;1995;20
17;08;1995;20
18;08;1995;40
19;08;1995;40
20;08;1995;40
21;08;1995;20
22;08;1995;20
23;08;1995;10
24;08;1995;20
25;08;1995;20
26;08;1995;20
27;08;1995;20
11;09;1995;20
12;09;1995;20
13;09;1995;20
14;09;1995;20
18;09;1995;20
19;09;1995;20
20;09;1995;20
21;09;1995;20
22;09;1995;20
24;09;1995;20
25;09;1995;20
26;09;1995;20
27;09;1995;20
29;09;1995;20
03;10;1995;20
05;10;1995;20
06;10;1995;20
07;10;1995;20
08;10;1995;30
09;10;1995;20
10;10;1995;20
11;10;1995;20
13;10;1995;20
14;10;1995;20
15;10;1995;30
16;10;1995;20
17;10;1995;20
18;10;1995;20
19;10;1995;20
20;10;1995;20
21;10;1995;25
23;10;1995;20
24;10;1995;20
26;10;1995;20
27;10;1995;20
28;10;1995;30
29;10;1995;20
30;10;1995;20
31;10;1995;20
11;11;1995;20
06;04;1996;35
09;04;1996;35
10;04;1996;20
12;04;1996;20
15;04;1996;20
16;04;1996;25
17;04;1996;35
18;04;1996;35
19;04;1996;20
20;04;1996;40
21;04;1996;35
22;04;1996;20
23;04;1996;20
24;04;1996;20
25;04;1996;20
26;04;1996;35
27;04;1996;35
28;04;1996;20
01;05;1996;65
04;05;1996;42
07;05;1996;20
08;05;1996;20
11;05;1996;20
11;05;1996;62
12;05;1996;40
13;05;1996;20
14;05;1996;20
15;05;1996;20
16;05;1996;35
18;05;1996;60
19;05;1996;20
20;05;1996;20
22;05;1996;20
23;05;1996;20
24;05;1996;20
27;05;1996;25
29;05;1996;20
30;05;1996;20
01;06;1996;40
02;06;1996;20
03;06;1996;20
04;06;1996;20
05;06;1996;20
11;06;1996;35
12;06;1996;20
13;06;1996;20
14;06;1996;20
15;06;1996;60
16;06;1996;52
17;06;1996;30
18;06;1996;30
19;06;1996;20
20;06;1996;20
21;06;1996;20
29;06;1996;20
11;07;1996;20
12;07;1996;20
13;07;1996;20
14;07;1996;20
16;07;1996;20
17;07;1996;20
19;07;1996;40
20;07;1996;20
21;07;1996;55
22;07;1996;20
23;07;1996;20
24;07;1996;20
25;07;1996;55
25;07;1996;55
26;07;1996;20
29;07;1996;40
30;07;1996;40
31;07;1996;55
01;08;1996;45
02;08;1996;45
04;08;1996;20
05;08;1996;20
06;08;1996;55
07;08;1996;55
08;08;1996;68
09;08;1996;20
10;08;1996;65
11;08;1996;20
12;08;1996;20
13;08;1996;53
14;08;1996;55
16;08;1996;20
18;08;1996;73
19;08;1996;67
20;08;1996;20
21;08;1996;88
22;08;1996;20
23;08;1996;57
25;08;1996;30
27;08;1996;20
29;08;1996;62
30;08;1996;20
31;08;1996;54
01;09;1996;20
02;09;1996;20
03;09;1996;54
04;09;1996;52
10;09;1996;20
12;09;1996;20
13;09;1996;20
14;09;1996;55
16;09;1996;55
17;09;1996;20
18;09;1996;20
19;09;1996;55
20;09;1996;55
22;09;1996;50
23;09;1996;40
24;09;1996;20
27;09;1996;20
29;09;1996;20
30;09;1996;20
06;10;1996;42
07;10;1996;42
08;10;1996;42
10;10;1996;42
14;10;1996;42
15;10;1996;42
16;10;1996;40
18;10;1996;42
19;10;1996;40
21;10;1996;40
23;10;1996;40
25;10;1996;40
01;11;1996;30
04;11;1996;42
05;11;1996;52
09;11;1996;42
12;11;1996;26
23;11;1996;40
25;11;1996;20
01;03;1997;30
02;03;1997;30
04;03;1997;30
05;03;1997;40
08;03;1997;40
09;03;1997;40
11;03;1997;40
18;03;1997;40
19;03;1997;40
29;03;1997;40
02;04;1997;40
06;04;1997;30
13;04;1997;40
17;04;1997;40
21;04;1997;40
24;04;1997;25
25;04;1997;25
28;04;1997;30
10;05;1997;40
12;05;1997;40
16;05;1997;40
17;05;1997;40
19;05;1997;40
23;05;1997;50
24;05;1997;40
25;05;1997;45
27;05;1997;40
30;05;1997;40
31;05;1997;50
01;06;1997;50
02;06;1997;40
03;06;1997;40
05;06;1997;60
07;06;1997;65
08;06;1997;40
09;06;1997;40
11;06;1997;60
12;06;1997;40
13;06;1997;40
16;06;1997;40
17;06;1997;50
19;06;1997;50
20;06;1997;40
21;06;1997;100
24;06;1997;40
27;06;1997;55
28;06;1997;40
30;06;1997;60
01;07;1997;50
02;07;1997;40
03;07;1997;60
05;07;1997;40
06;07;1997;55
08;07;1997;40
09;07;1997;50
11;07;1997;40
12;07;1997;40
13;07;1997;60
14;07;1997;40
17;07;1997;40
18;07;1997;40
21;07;1997;50
23;07;1997;60
24;07;1997;45
25;07;1997;40
26;07;1997;70
28;07;1997;40
29;07;1997;40
30;07;1997;50
31;07;1997;40
03;08;1997;50
04;08;1997;60
06;08;1997;50
08;08;1997;80
09;08;1997;50
11;08;1997;40
14;08;1997;40
16;08;1997;45
17;08;1997;45
18;08;1997;40
21;08;1997;45
22;08;1997;45
24;08;1997;40
26;08;1997;40
27;08;1997;40
30;08;1997;45
01;09;1997;45
02;09;1997;40
04;09;1997;40
06;09;1997;40
07;09;1997;40
10;09;1997;45
11;09;1997;40
12;09;1997;80
14;09;1997;40
15;09;1997;40
16;09;1997;40
19;09;1997;40
20;09;1997;50
26;09;1997;45
27;09;1997;45
28;09;1997;40
29;09;1997;40
06;10;1997;40
07;10;1997;40
09;10;1997;40
10;10;1997;40
12;10;1997;40
19;10;1997;40
08;11;1997;40
09;11;1997;40
10;11;1997;40
11;11;1997;40
13;11;1997;15
15;11;1997;40
03;01;1998;25
10;01;1998;25
11;01;1998;40
12;01;1998;40
19;01;1998;25
26;01;1998;25
10;02;1998;25
11;02;1998;25
20;02;1998;25
21;02;1998;40
10;04;1998;20
12;04;1998;40
13;04;1998;25
14;04;1998;40
15;04;1998;45
17;04;1998;40
18;04;1998;40
20;04;1998;40
22;04;1998;40
24;04;1998;40
25;04;1998;60
26;04;1998;40
28;04;1998;40
05;05;1998;45
06;05;1998;40
11;05;1998;40
12;05;1998;40
13;05;1998;40
15;05;1998;40
17;05;1998;70
18;05;1998;50
19;05;1998;40
20;05;1998;40
23;05;1998;40
26;05;1998;50
27;05;1998;50
29;05;1998;50
30;05;1998;100
31;05;1998;65
01;06;1998;40
04;06;1998;60
05;06;1998;40
06;06;1998;40
07;06;1998;60
08;06;1998;40
10;06;1998;60
13;06;1998;60
14;06;1998;40
17;06;1998;45
20;06;1998;45
21;06;1998;45
22;06;1998;50
24;06;1998;40
25;06;1998;45
26;06;1998;45
27;06;1998;45
28;06;1998;45
29;06;1998;40
30;06;1998;40
02;07;1998;45
06;07;1998;60
07;07;1998;45
08;07;1998;40
11;07;1998;45
12;07;1998;45
14;07;1998;45
15;07;1998;45
16;07;1998;40
17;07;1998;40
18;07;1998;45
20;07;1998;50
21;07;1998;50
22;07;1998;40
23;07;1998;40
24;07;1998;45
25;07;1998;55
26;07;1998;60
29;07;1998;60
30;07;1998;50
31;07;1998;60
01;08;1998;55
02;08;1998;70
04;08;1998;40
05;08;1998;50
07;08;1998;50
08;08;1998;120
09;08;1998;65
10;08;1998;55
11;08;1998;45
12;08;1998;45
14;08;1998;40
15;08;1998;60
16;08;1998;205
21;08;1998;200
23;08;1998;40
25;08;1998;65
26;08;1998;45
27;08;1998;55
01;09;1998;50
02;09;1998;55
03;09;1998;45
04;09;1998;50
05;09;1998;45
06;09;1998;50
07;09;1998;50
08;09;1998;60
09;09;1998;45
10;09;1998;50
13;09;1998;40
14;09;1998;50
15;09;1998;40
17;09;1998;45
18;09;1998;40
19;09;1998;60
21;09;1998;45
22;09;1998;40
23;09;1998;40
25;09;1998;40
26;09;1998;45
27;09;1998;105
30;09;1998;40
01;10;1998;40
02;10;1998;40
04;10;1998;40
06;10;1998;40
07;10;1998;50
08;10;1998;40
10;10;1998;40
12;10;1998;60
13;10;1998;45
18;10;1998;70
19;10;1998;60
21;10;1998;40
26;10;1998;40
27;10;1998;40
14;11;1998;20
09;03;1999;40
19;03;1999;40
20;03;1999;40
22;03;1999;45
24;03;1999;40
25;03;1999;40
27;03;1999;50
29;03;1999;40
31;03;1999;40
01;04;1999;40
02;04;1999;40
03;04;1999;100
05;04;1999;40
15;04;1999;40
19;04;1999;40
24;04;1999;40
25;04;1999;45
26;04;1999;40
27;04;1999;40
28;04;1999;40
30;04;1999;65
02;05;1999;65
03;05;1999;40
04;05;1999;40
05;05;1999;40
06;05;1999;40
08;05;1999;40
10;05;1999;40
12;05;1999;40
16;05;1999;50
17;05;1999;60
18;05;1999;80
19;05;1999;40
21;05;1999;40
22;05;1999;40
23;05;1999;45
24;05;1999;45
26;05;1999;55
27;05;1999;40
28;05;1999;40
29;05;1999;50
30;05;1999;45
31;05;1999;40
02;06;1999;45
03;06;1999;40
04;06;1999;40
05;06;1999;40
06;06;1999;40
07;06;1999;40
08;06;1999;40
10;06;1999;45
11;06;1999;40
13;06;1999;40
14;06;1999;40
15;06;1999;40
16;06;1999;60
17;06;1999;45
19;06;1999;60
20;06;1999;50
21;06;1999;40
23;06;1999;50
24;06;1999;70
25;06;1999;40
26;06;1999;65
28;06;1999;45
29;06;1999;50
30;06;1999;40
02;07;1999;40
03;07;1999;65
05;07;1999;40
06;07;1999;40
09;07;1999;40
10;07;1999;40
11;07;1999;105
13;07;1999;60
15;07;1999;40
16;07;1999;40
17;07;1999;45
18;07;1999;40
19;07;1999;60
20;07;1999;60
21;07;1999;60
24;07;1999;50
25;07;1999;45
26;07;1999;40
27;07;1999;60
29;07;1999;40
31;07;1999;80
01;08;1999;40
02;08;1999;55
03;08;1999;65
04;08;1999;60
06;08;1999;40
07;08;1999;100
09;08;1999;55
12;08;1999;60
14;08;1999;40
17;08;1999;45
18;08;1999;60
20;08;1999;40
21;08;1999;150
23;08;1999;40
24;08;1999;60
25;08;1999;60
27;08;1999;40
28;08;1999;135
30;08;1999;40
01;09;1999;55
02;09;1999;65
03;09;1999;40
04;09;1999;45
06;09;1999;55
07;09;1999;55
08;09;1999;40
09;09;1999;40
10;09;1999;40
11;09;1999;40
13;09;1999;40
14;09;1999;50
15;09;1999;45
16;09;1999;40
18;09;1999;70
19;09;1999;40
24;09;1999;40
25;09;1999;55
03;10;1999;40
05;10;1999;40
06;10;1999;40
10;10;1999;40
25;10;1999;40
31;10;1999;40
12;02;2000;55
14;02;2000;45
27;02;2000;55
22;03;2000;45
23;03;2000;45
24;03;2000;60
25;03;2000;45
27;03;2000;45
29;03;2000;45
30;03;2000;45
02;04;2000;60
03;04;2000;80
04;04;2000;50
05;04;2000;60
06;04;2000;40
07;04;2000;65
10;04;2000;60
11;04;2000;65
13;04;2000;50
14;04;2000;45
15;04;2000;75
17;04;2000;75
18;04;2000;55
19;04;2000;65
20;04;2000;55
21;04;2000;65
22;04;2000;120
23;04;2000;55
24;04;2000;80
25;04;2000;65
27;04;2000;45
28;04;2000;60
29;04;2000;200
02;05;2000;140
04;05;2000;45
05;05;2000;50
06;05;2000;110
07;05;2000;50
08;05;2000;50
09;05;2000;50
10;05;2000;50
11;05;2000;65
12;05;2000;50
13;05;2000;75
15;05;2000;60
16;05;2000;65
17;05;2000;55
18;05;2000;50
20;05;2000;140
22;05;2000;50
23;05;2000;70
25;05;2000;45
26;05;2000;65
27;05;2000;45
28;05;2000;50
29;05;2000;50
30;05;2000;45
01;06;2000;65
02;06;2000;65
03;06;2000;60
05;06;2000;65
06;06;2000;45
08;06;2000;65
09;06;2000;75
10;06;2000;45
11;06;2000;125
13;06;2000;60
14;06;2000;45
16;06;2000;60
17;06;2000;50
18;06;2000;50
19;06;2000;65
20;06;2000;60
22;06;2000;60
24;06;2000;45
26;06;2000;50
28;06;2000;60
29;06;2000;50
30;06;2000;45
02;07;2000;180
04;07;2000;100
05;07;2000;90
07;07;2000;185
08;07;2000;60
09;07;2000;40
11;07;2000;60
13;07;2000;45
14;07;2000;60
15;07;2000;65
16;07;2000;65
17;07;2000;55
18;07;2000;60
19;07;2000;45
21;07;2000;45
22;07;2000;55
23;07;2000;45
24;07;2000;55
25;07;2000;60
26;07;2000;60
28;07;2000;60
30;07;2000;60
31;07;2000;65
02;08;2000;40
04;08;2000;45
05;08;2000;55
06;08;2000;55
07;08;2000;65
09;08;2000;45
10;08;2000;40
11;08;2000;70
12;08;2000;45
14;08;2000;45
15;08;2000;50
17;08;2000;60
18;08;2000;65
20;08;2000;50
21;08;2000;75
23;08;2000;45
24;08;2000;50
26;08;2000;60
27;08;2000;45
28;08;2000;45
29;08;2000;50
31;08;2000;70
01;09;2000;50
02;09;2000;55
03;09;2000;35
04;09;2000;30
05;09;2000;50
06;09;2000;45
07;09;2000;55
08;09;2000;50
09;09;2000;50
10;09;2000;60
12;09;2000;45
14;09;2000;45
15;09;2000;65
16;09;2000;110
17;09;2000;65
19;09;2000;45
20;09;2000;60
21;09;2000;55
22;09;2000;45
24;09;2000;55
25;09;2000;45
26;09;2000;50
27;09;2000;50
28;09;2000;50
29;09;2000;50
30;09;2000;65
03;10;2000;45
04;10;2000;55
05;10;2000;45
06;10;2000;65
10;10;2000;45
11;10;2000;45
12;10;2000;45
13;10;2000;50
14;10;2000;45
16;10;2000;45
17;10;2000;65
18;10;2000;55
19;10;2000;45
20;10;2000;50
21;10;2000;70
23;10;2000;65
24;10;2000;45
25;10;2000;60
28;10;2000;50
30;10;2000;45
31;10;2000;40
01;11;2000;40
08;11;2000;55
09;11;2000;55
10;11;2000;45
12;11;2000;55
13;11;2000;45
17;11;2000;45
20;11;2000;45
22;11;2000;60
24;11;2000;45
25;11;2000;45
26;11;2000;65
30;11;2000;45
04;12;2000;45
05;12;2000;45
06;12;2000;45
09;12;2000;45
10;12;2000;85
16;12;2000;55
17;12;2000;50
23;12;2000;40
14;01;2001;50
16;01;2001;40
20;01;2001;50
21;01;2001;70
28;01;2001;65
30;01;2001;60
11;02;2001;60
12;02;2001;60
13;02;2001;55
14;02;2001;50
16;02;2001;55
17;02;2001;60
19;02;2001;45
20;02;2001;55
21;02;2001;55
06;03;2001;60
07;03;2001;60
08;03;2001;60
10;03;2001;80
11;03;2001;55
12;03;2001;70
14;03;2001;60
15;03;2001;60
16;03;2001;75
24;03;2001;65
25;03;2001;40
29;03;2001;45
30;03;2001;65
31;03;2001;50
02;04;2001;70
03;04;2001;70
04;04;2001;60
05;04;2001;60
07;04;2001;95
09;04;2001;65
10;04;2001;50
11;04;2001;65
15;04;2001;60
16;04;2001;60
17;04;2001;60
18;04;2001;70
20;04;2001;70
22;04;2001;40
24;04;2001;65
25;04;2001;55
26;04;2001;50
28;04;2001;105
02;05;2001;70
03;05;2001;85
04;05;2001;55
07;05;2001;85
08;05;2001;55
09;05;2001;55
11;05;2001;55
12;05;2001;90
14;05;2001;50
15;05;2001;55
18;05;2001;50
19;05;2001;45
20;05;2001;55
22;05;2001;65
23;05;2001;50
24;05;2001;50
26;05;2001;80
27;05;2001;45
28;05;2001;55
31;05;2001;60
01;06;2001;50
03;06;2001;60
04;06;2001;60
05;06;2001;50
06;06;2001;55
07;06;2001;55
09;06;2001;60
10;06;2001;80
12;06;2001;55
13;06;2001;50
14;06;2001;65
17;06;2001;50
18;06;2001;60
19;06;2001;55
20;06;2001;55
24;06;2001;60
25;06;2001;55
26;06;2001;55
27;06;2001;65
30;06;2001;105
02;07;2001;55
03;07;2001;100
04;07;2001;75
05;07;2001;75
07;07;2001;110
10;07;2001;50
11;07;2001;60
12;07;2001;75
14;07;2001;90
16;07;2001;65
19;07;2001;55
20;07;2001;70
21;07;2001;75
22;07;2001;55
23;07;2001;60
25;07;2001;55
26;07;2001;55
28;07;2001;100
29;07;2001;70
31;07;2001;55
01;08;2001;60
02;08;2001;80
04;08;2001;80
05;08;2001;65
06;08;2001;95
07;08;2001;60
08;08;2001;60
09;08;2001;60
10;08;2001;50
11;08;2001;100
12;08;2001;60
18;08;2001;60
19;08;2001;60
20;08;2001;60
21;08;2001;55
22;08;2001;55
23;08;2001;55
25;08;2001;90
26;08;2001;75
30;08;2001;80
31;08;2001;65
01;09;2001;75
02;09;2001;50
03;09;2001;45
05;09;2001;60
10;09;2001;55
11;09;2001;55
12;09;2001;55
13;09;2001;55
15;09;2001;80
20;09;2001;90
21;09;2001;50
22;09;2001;70
24;09;2001;55
25;09;2001;55
26;09;2001;55
28;09;2001;45
30;09;2001;55
02;10;2001;60
03;10;2001;55
04;10;2001;55
05;10;2001;50
07;10;2001;60
08;10;2001;80
09;10;2001;55
12;10;2001;65
14;10;2001;50
15;10;2001;55
16;10;2001;55
20;10;2001;80
21;10;2001;55
24;10;2001;50
25;10;2001;45
27;10;2001;55
28;10;2001;45
31;10;2001;50
03;11;2001;60
04;11;2001;55
10;11;2001;55
11;11;2001;50
14;11;2001;45
17;11;2001;55
18;11;2001;55
24;11;2001;55
01;12;2001;60
02;12;2001;55
08;12;2001;40
16;12;2001;60
12;01;2002;45
13;01;2002;55
19;01;2002;55
20;01;2002;45
22;01;2002;50
23;01;2002;45
24;01;2002;45
02;02;2002;55
03;02;2002;70
04;02;2002;85
05;02;2002;70
07;02;2002;110
08;02;2002;80
09;02;2002;70
12;02;2002;70
14;02;2002;55
16;02;2002;80
17;02;2002;70
20;02;2002;65
24;02;2002;50
27;02;2002;75
28;02;2002;75
02;03;2002;80
03;03;2002;80
06;03;2002;70
07;03;2002;80
09;03;2002;80
11;03;2002;70
13;03;2002;80
14;03;2002;75
16;03;2002;100
17;03;2002;85
20;03;2002;70
21;03;2002;60
25;03;2002;65
27;03;2002;65
28;03;2002;80
30;03;2002;80
01;04;2002;95
03;04;2002;90
07;04;2002;75
08;04;2002;65
10;04;2002;55
11;04;2002;80
14;04;2002;75
17;04;2002;85
18;04;2002;75
20;04;2002;60
21;04;2002;75
24;04;2002;75
25;04;2002;60
28;04;2002;90
30;04;2002;185
03;05;2002;185
05;05;2002;110
08;05;2002;70
09;05;2002;65
11;05;2002;105
12;05;2002;100
16;05;2002;65
17;05;2002;85
19;05;2002;80
21;05;2002;60
22;05;2002;115
25;05;2002;80
26;05;2002;70
02;06;2002;65
04;06;2002;65
05;06;2002;85
06;06;2002;75
09;06;2002;100
12;06;2002;85
15;06;2002;55
16;06;2002;105
19;06;2002;80
20;06;2002;55
22;06;2002;85
23;06;2002;65
25;06;2002;60
26;06;2002;60
28;06;2002;60
30;06;2002;70
03;07;2002;75
05;07;2002;55
06;07;2002;75
07;07;2002;55
09;07;2002;60
10;07;2002;60
11;07;2002;55
13;07;2002;50
16;07;2002;65
17;07;2002;65
19;07;2002;55
21;07;2002;105
23;07;2002;55
25;07;2002;55
27;07;2002;80
28;07;2002;135
31;07;2002;65
01;08;2002;60
03;08;2002;75
04;08;2002;105
06;08;2002;55
07;08;2002;55
08;08;2002;60
10;08;2002;50
11;08;2002;60
12;08;2002;75
16;08;2002;60
18;08;2002;80
20;08;2002;65
22;08;2002;60
24;08;2002;90
25;08;2002;105
27;08;2002;60
29;08;2002;55
30;08;2002;70
31;08;2002;75
01;09;2002;85
03;09;2002;55
05;09;2002;40
07;09;2002;55
08;09;2002;75
11;09;2002;55
12;09;2002;60
14;09;2002;45
17;08;2002;70
19;08;2002;60
21;09;2002;60
22;09;2002;70
24;09;2002;65
26;09;2002;75
27;09;2002;40
28;09;2002;65
29;09;2002;50
04;10;2002;65
05;10;2002;65
09;10;2002;55
12;10;2002;50
13;10;2002;55
16;10;2002;65
20;10;2002;60
21;10;2002;60
25;10;2002;60
27;10;2002;60
31;10;2002;60
30;11;2002;55
17;01;2003;50
18;01;2003;65
19;01;2003;50
21;01;2003;45
25;01;2003;55
26;01;2003;55
27;01;2003;50
08;02;2003;45
09;02;2003;60
18;02;2003;50
19;02;2003;55
21;02;2003;50
23;02;2003;50
24;02;2003;50
28;02;2003;55
02;03;2003;55
04;03;2003;55
07;03;2003;50
08;03;2003;55
10;03;2003;55
11;03;2003;75
14;03;2003;55
15;03;2003;60
16;03;2003;75
18;03;2003;55
19;03;2003;55
22;03;2003;50
23;03;2003;60
25;03;2003;65
26;03;2003;55
28;03;2003;60
29;03;2003;75
01;04;2003;60
03;04;2003;75
11;04;2003;55
12;04;2003;75
13;04;2003;85
15;04;2003;60
16;04;2003;65
18;04;2003;55
19;04;2003;80
21;04;2003;65
22;04;2003;55
25;04;2003;50
26;04;2003;80
28;04;2003;45
29;04;2003;60
30;04;2003;50
03;05;2003;85
04;05;2003;80
06;05;2003;80
07;05;2003;50
09;05;2003;50
10;05;2003;60
11;05;2003;90
13;05;2003;55
14;05;2003;70
15;05;2003;50
19;05;2003;50
20;05;2003;60
21;05;2003;55
23;05;2003;60
24;05;2003;105
25;05;2003;95
28;05;2003;55
31;05;2003;90
01;06;2003;105
04;06;2003;50
07;06;2003;75
08;06;2003;100
10;06;2003;55
11;06;2003;55
13;06;2003;65
17;06;2003;55
18;06;2003;50
20;06;2003;55
21;06;2003;55
22;06;2003;80
24;06;2003;55
26;06;2003;65
27;06;2003;60
28;06;2003;100
01;07;2003;40
03;07;2003;75
05;07;2003;90
06;07;2003;55
08;07;2003;65
09;07;2003;55
12;07;2003;75
13;07;2003;105
15;07;2003;60
16;07;2003;70
17;07;2003;60
19;07;2003;125
20;07;2003;90
23;07;2003;55
24;07;2003;120
26;07;2003;75
27;07;2003;60
30;07;2003;50
02;08;2003;75
03;08;2003;75
05;08;2003;55
06;08;2003;60
08;08;2003;50
10;08;2003;80
11;08;2003;65
12;08;2003;50
15;08;2003;50
16;08;2003;70
17;08;2003;80
19;08;2003;65
20;08;2003;55
23;08;2003;40
24;08;2003;75
26;08;2003;60
28;08;2003;60
31;08;2003;55
03;09;2003;50
04;09;2003;75
06;09;2003;80
07;09;2003;75
09;09;2003;70
11;09;2003;60
13;09;2003;60
14;09;2003;65
16;09;2003;75
18;09;2003;55
20;09;2003;75
21;09;2003;75
24;09;2003;55
25;09;2003;50
27;09;2003;60
28;09;2003;100
30;09;2003;75
01;10;2003;50
04;10;2003;65
05;10;2003;80
08;10;2003;55
12;10;2003;80
18;10;2003;65
19;10;2003;65
23;10;2003;55
25;10;2003;45
27;10;2003;50
30;10;2003;55
02;11;2003;80
05;11;2003;50
09;11;2003;60
10;11;2003;55
11;11;2003;60
14;11;2003;55
16;11;2003;65
20;11;2003;55
22;11;2003;45
23;11;2003;50
29;11;2003;50
30;11;2003;60
04;12;2003;45
10;12;2003;55
11;12;2003;45
14;12;2003;55
20;12;2003;60
21;12;2003;75
27;12;2003;55
28;12;2003;60
03;02;2004;25
08;02;2004;40
16;02;2004;50
17;02;2004;50
20;02;2004;50
21;02;2004;50
23;02;2004;50
26;02;2004;45
12;04;2004;55
13;04;2004;50
15;04;2004;55
16;04;2004;50
18;04;2004;60
21;04;2004;60
22;04;2004;55
24;04;2004;60
25;04;2004;90
27;04;2004;55
29;04;2004;55
30;04;2004;110
02;05;2004;65
03;05;2004;75
04;05;2004;50
06;05;2004;60
07;05;2004;55
09;05;2004;80
10;05;2004;60
11;05;2004;45
12;05;2004;55
15;05;2004;50
19;05;2004;85
20;05;2004;55
22;05;2004;75
23;05;2004;75
25;05;2004;75
26;05;2004;65
29;05;2004;75
31;05;2004;70
01;06;2004;55
02;06;2004;60
03;06;2004;60
05;06;2004;85
06;06;2004;90
08;06;2004;60
09;06;2004;70
10;06;2004;60
12;06;2004;80
13;06;2004;110
16;06;2004;55
17;06;2004;60
19;06;2004;80
23;06;2004;70
24;06;2004;55
26;06;2004;80
27;06;2004;105
29;06;2004;55
02;07;2004;55
03;07;2004;85
04;07;2004;75
07;07;2004;90
08;07;2004;70
10;07;2004;80
11;07;2004;105
14;07;2004;70
15;07;2004;70
17;07;2004;80
18;07;2004;85
21;07;2004;55
22;07;2004;40
24;07;2004;65
25;07;2004;80
27;07;2004;100
28;07;2004;60
31;07;2004;95
01;08;2004;95
03;08;2004;60
05;08;2004;55
07;08;2004;85
08;08;2004;135
10;08;2004;60
11;08;2004;80
14;08;2004;80
15;08;2004;80
17;08;2004;55
19;08;2004;60
21;08;2004;90
22;08;2004;80
24;08;2004;60
26;08;2004;60
27;08;2004;60
06;09;2004;80
07;09;2004;60
09;09;2004;60
12;09;2004;65
14;09;2004;80
16;09;2004;70
18;09;2004;85
19;09;2004;60
21;09;2004;50
23;09;2004;60
25;09;2004;85
26;09;2004;75
27;09;2004;50
29;09;2004;60
30;09;2004;65
02;10;2004;60
04;10;2004;60
06;10;2004;55
07;10;2004;50
09;10;2004;60
13;10;2004;70
14;10;2004;55
16;10;2004;80
20;10;2004;75
22;10;2004;55
23;10;2004;60
24;10;2004;60
28;10;2004;70
31;10;2004;80
01;11;2004;55
03;11;2004;60
04;11;2004;45
06;11;2004;55
07;11;2004;55
10;11;2004;50
11;11;2004;60
14;11;2004;60
02;12;2004;40
06;12;2004;50
16;12;2004;50
18;12;2004;50
26;12;2004;30
01;01;2005;55
02;01;2005;55
06;01;2005;40
08;01;2005;55
09;01;2005;45
12;01;2005;55
13;01;2005;50
16;01;2005;55
01;02;2005;40
02;02;2005;50
23;03;2005;50
24;03;2005;55
26;03;2005;75
28;03;2005;85
29;03;2005;60
31;03;2005;55
01;04;2005;55
03;04;2005;75
04;04;2005;55
05;04;2005;50
07;04;2005;60
09;04;2005;80
11;04;2005;60
12;04;2005;70
14;04;2005;60
16;04;2005;80
17;04;2005;50
18;04;2005;60
20;04;2005;60
21;04;2005;50
23;04;2005;80
26;04;2005;60
28;04;2005;65
30;04;2005;80
01;05;2005;55
03;05;2005;85
05;05;2005;55
07;05;2005;60
08;05;2005;60
11;05;2005;65
12;05;2005;70
14;05;2005;55
15;05;2005;75
18;05;2005;60
19;05;2005;70
21;05;2005;65
22;05;2005;60
24;05;2005;60
26;05;2005;55
28;05;2005;85
29;05;2005;85
31;05;2005;55
02;06;2005;60
04;06;2005;65
05;06;2005;80
08;06;2005;60
09;06;2005;65
11;06;2005;80
12;06;2005;65
15;06;2005;55
16;06;2005;60
18;06;2005;60
19;06;2005;65
22;06;2005;70
23;06;2005;60
25;06;2005;85
26;06;2005;80
28;06;2005;55
30;06;2005;60
02;07;2005;75
03;07;2005;85
05;07;2005;60
06;07;2005;65
09;07;2005;85
10;07;2005;75
12;07;2005;60
14;07;2005;60
16;07;2005;75
17;07;2005;60
20;07;2005;55
21;07;2005;55
23;07;2005;75
26;07;2005;65
28;07;2005;60
30;07;2005;75
31;07;2005;75
02;08;2005;65
03;08;2005;85
05;08;2005;75
07;08;2005;120
09;08;2005;55
11;08;2005;50
12;08;2005;50
18;08;2005;55
20;08;2005;75
21;08;2005;75
23;08;2005;55
25;08;2005;60
27;05;2005;85
28;07;2005;75
30;08;2005;55
31;08;2005;105
01;09;2005;55
03;09;2005;85
04;09;2005;70
06;09;2005;60
08;09;2005;50
10;09;2005;80
11;09;2005;75
13;09;2005;55
15;09;2005;55
17;09;2005;65
18;09;2005;55
23;09;2005;50
24;09;2005;75
25;09;2005;75
27;09;2005;50
28;09;2005;55
02;10;2005;60
04;10;2005;55
05;10;2005;50
08;10;2005;75
09;10;2005;60
11;10;2005;55
12;10;2005;50
18;10;2005;55
22;10;2005;60
23;10;2005;60
26;10;2005;50
29;10;2005;60
30;10;2005;60
31;10;2005;60
02;11;2005;55
05;11;2005;50
06;11;2005;60
08;11;2005;50
11;11;2005;60
12;11;2005;60
13;11;2005;60
10;12;2005;55
13;12;2005;50
31;08;2006;15
01;09;2006;20
02;09;2006;35
05;09;2006;30
06;09;2006;25
08;09;2006;25
09;09;2006;35
11;09;2006;35
12;09;2006;35
14;09;2006;35
15;09;2006;20
16;09;2006;45
17;09;2006;45
19;09;2006;35
23;09;2006;45
24;09;2006;15
25;09;2006;40
26;09;2006;45
28;09;2006;40
29;09;2006;30
30;09;2006;65
01;10;2006;30
03;10;2006;55
05;10;2006;55
07;10;2006;55
12;10;2006;55
13;10;2006;40
15;10;2006;55
16;10;2006;70
17;10;2006;45
18;10;2006;35
20;10;2006;65
21;10;2006;60
22;10;2006;60
24;10;2006;45
25;10;2006;30
26;10;2006;35
28;10;2006;55
30;10;2006;40
31;10;2006;50
06;11;2006;35
10;11;2006;40
11;11;2006;55
12;11;2006;50
16;11;2006;55
17;11;2006;45
18;11;2006;60
21;11;2006;35
23;11;2006;35
25;11;2006;60
26;11;2006;55
29;11;2006;55
30;11;2006;60
02;12;2006;55
03;12;2006;55
08;12;2006;50
09;12;2006;55
11;12;2006;50
16;12;2006;60
17;12;2006;55
19;12;2006;50
21;12;2006;50
23;12;2006;55
26;12;2006;55
10;01;2007;50
03;02;2007;50
04;02;2007;50
12;04;2007;30
14;04;2007;40
15;04;2007;45
22;04;2007;45
25;04;2007;35
26;04;2007;45
02;05;2007;50
03;05;2007;45
05;05;2007;50
19;05;2007;50
20;05;2007;55
22;05;2007;55
23;05;2007;60
24;05;2007;45
26;05;2007;65
27;05;2007;50
29;05;2007;55
30;05;2007;50
31;05;2007;40
04;06;2007;50
05;06;2007;55
06;06;2007;45
07;06;2007;50
08;06;2007;30
09;06;2007;70
10;06;2007;60
14;06;2007;50
16;06;2007;50
17;06;2007;65
20;06;2007;45
21;06;2007;60
23;06;2007;70
24;06;2007;50
26;06;2007;45
01;07;2007;65
02;07;2007;70
05;07;2007;45
06;07;2007;40
08;07;2007;60
09;07;2007;55
11;07;2007;60
13;07;2007;45
14;07;2007;70
16;07;2007;50
18;07;2007;45
19;07;2007;60
21;07;2007;65
22;07;2007;60
26;07;2007;65
28;07;2007;65
29;07;2007;60
30;07;2007;30
01;08;2007;70
02;08;2007;70
08;08;2007;60
09;08;2007;60
11;08;2007;65
14;08;2007;65
15;08;2007;60
18;08;2007;65
19;08;2007;80
22;08;2007;65
23;08;2007;55
25;08;2007;60
26;08;2007;50
30;08;2007;45
01;09;2007;65
02;09;2007;65
05;09;2007;55
06;09;2007;50
11;03;2008;40
14;03;2008;35
16;03;2008;50
25;03;2008;45
28;03;2008;45
29;03;2008;45
31;03;2008;35
01;04;2008;45
03;04;2008;40
04;04;2008;45
06;04;2008;45
13;04;2008;35
15;04;2008;45
20;04;2008;45
22;04;2008;45
23;04;2008;60
24;04;2008;50
26;04;2008;40
27;04;2008;45
29;04;2008;40
30;04;2008;50
06;05;2008;45
07;05;2008;45
09;05;2008;40
11;05;2008;50
13;05;2008;45
14;05;2008;45
16;05;2008;50
18;05;2008;55
20;05;2008;40
21;05;2008;50
24;05;2008;45
25;05;2008;35
29;05;2008;45
31;05;2008;40
01;06;2008;55
03;06;2008;45
05;06;2008;50
07;06;2008;65
09;06;2008;45
10;06;2008;45
14;06;2008;50
15;06;2008;55
18;06;2008;50
19;06;2008;45
21;06;2008;35
22;06;2008;45
24;06;2008;45
25;06;2008;60
26;06;2008;55
27;06;2008;30
29;03;2008;50
01;07;2008;60
02;07;2008;45
03;07;2008;55
05;07;2008;50
06;07;2008;45
09;07;2008;55
10;07;2008;40
12;07;2008;65
13;07;2008;50
15;07;2008;45
18;07;2008;75
19;07;2008;40
22;07;2008;70
23;07;2008;50
24;07;2008;80
26;07;2008;60
29;07;2008;60
30;07;2008;65
31;07;2008;50
03;08;2008;65
09;08;2008;45
10;08;2008;50
12;08;2008;40
13;08;2008;40
17;08;2008;60
19;08;2008;50
20;08;2008;40
21;08;2008;45
23;08;2008;15
24;08;2008;70
26;08;2008;70
28;08;2008;45
30;08;2008;65
31;08;2008;65
03;09;2008;50
04;09;2008;50
06;09;2008;65
07;09;2008;65
09;09;2008;50
11;09;2008;45
13;09;2008;60
14;09;2008;50
18;09;2008;45
20;09;2008;35
23;09;2008;25
24;09;2008;45
27;09;2008;60
28;09;2008;50
02;10;2008;50
03;10;2008;45
05;10;2008;55
06;10;2008;20
07;10;2008;45
09;10;2008;30
10;10;2008;30
11;10;2008;50
13;10;2008;25
14;10;2008;40
18;10;2008;50
19;10;2008;45
21;10;2008;100
23;10;2008;30
24;10;2008;25
26;10;2008;50
28;10;2008;20
31;10;2008;25
02;11;2008;60
04;11;2008;30
06;11;2008;25
07;11;2008;25
08;11;2008;60
11;11;2008;60
13;11;2008;55
15;11;2008;30
16;11;2008;55
18;11;2008;25
21;11;2008;25
28;11;2008;30
29;11;2008;40
01;12;2008;35
04;12;2008;30
07;12;2008;30
09;12;2008;40
12;12;2008;25
13;12;2008;55
14;12;2008;35
16;12;2008;30
18;12;2008;30
19;12;2008;30
28;12;2008;30
30;12;2008;30
31;12;2008;35
03;01;2009;20
25;01;2009;50
27;01;2009;30
29;01;2009;30
05;02;2009;30
07;02;2009;40
08;02;2009;50
09;02;2009;25
10;02;2009;25
21;02;2009;30
26;02;2009;30
28;02;2009;50
01;03;2009;30
05;03;2009;40
08;03;2009;50
11;03;2009;50
13;03;2009;30
18;03;2009;30
20;03;2009;40
21;03;2009;50
28;03;2009;45
31;03;2009;40
02;04;2009;30
07;04;2009;45
10;04;2009;35
11;04;2009;50
13;04;2009;60
14;04;2009;35
16;04;2009;40
19;04;2009;60
21;04;2009;45
23;04;2009;35
25;04;2009;25
26;04;2009;50
28;04;2009;45
29;04;2009;30
03;05;2009;55
05;05;2009;25
08;05;2009;55
12;05;2009;45
14;05;2009;50
15;05;2009;25
16;05;2009;45
19;05;2009;40
21;05;2009;40
22;05;2009;25
24;05;2009;45
26;05;2009;35
29;05;2009;45
30;05;2009;45
02;06;2009;45
05;06;2009;30
06;06;2009;45
07;06;2009;40
09;06;2009;35
11;06;2009;25
12;06;2009;35
14;06;2009;30
15;06;2009;20
17;06;2009;45
21;06;2009;30
22;06;2009;40
26;06;2009;35
27;06;2009;30
28;06;2009;45
30;06;2009;30
01;07;2009;30
02;07;2009;25
04;07;2009;55
06;07;2009;35
09;07;2009;35
10;07;2009;25
12;07;2009;45
13;07;2009;25
14;07;2009;30
16;07;2009;30
18;07;2009;35
21;07;2009;25
24;07;2009;35
26;07;2009;30
28;07;2009;35
29;07;2009;25
09;08;2009;30
11;08;2009;25
13;08;2009;30
14;08;2009;25
15;08;2009;35
16;08;2009;30
19;08;2009;35
23;08;2009;30
25;08;2009;35
27;08;2009;25
28;08;2009;30
29;08;2009;35
31;08;2009;35
01;09;2009;30
02;09;2009;30
04;09;2009;30
05;09;2009;25
06;09;2009;25
07;09;2009;25
10;09;2009;25
12;09;2009;35
14;09;2009;25
15;09;2009;35
17;09;2009;35
18;09;2009;30
19;09;2009;35
20;09;2009;30
21;09;2009;45
22;09;2009;30
24;09;2009;30
27;09;2009;35
29;09;2009;30
30;09;2009;50
02;10;2009;25
05;10;2009;30
06;10;2009;30
08;10;2009;25
09;10;2009;25
10;10;2009;35
15;10;2009;25
16;10;2009;25
17;10;2009;40
18;10;2009;35
19;10;2009;25
21;10;2009;25
23;10;2009;30
25;10;2009;35
29;10;2009;30
31;10;2009;45
02;11;2009;30
03;11;2009;25
06;11;2009;25
07;11;2009;50
08;11;2009;45
10;11;2009;30
11;11;2009;30
13;11;2009;25
14;11;2009;45
17;11;2009;40
18;11;2009;50
20;11;2009;25
23;11;2009;30
25;11;2009;30
26;11;2009;45
28;11;2009;40
30;11;2009;25
01;12;2009;45
04;12;2009;25
08;12;2009;25
10;12;2009;30
12;12;2009;40
13;12;2009;40
15;12;2009;25
26;12;2009;25
28;12;2009;35
30;12;2009;35
31;12;2009;25
06;01;2010;25
08;01;2010;25
17;01;2010;30
19;01;2010;25
21;01;2010;25
26;01;2010;30
11;02;2010;25
17;02;2010;25
18;02;2010;25
19;02;2010;25
21;02;2010;35
23;02;2010;25
24;02;2010;25
27;02;2010;45
28;02;2010;45
02;03;2010;30
04;03;2010;30
08;03;2010;30
09;03;2010;30
10;03;2010;35
12;03;2010;30
13;03;2010;35
14;03;2010;50
15;03;2010;25
16;03;2010;30
17;03;2010;30
20;03;2010;40
21;03;2010;35
22;03;2010;25
23;03;2010;35
24;03;2010;30
26;03;2010;35
27;03;2010;35
28;03;2010;35
29;03;2010;45
30;03;2010;25
01;04;2010;35
03;04;2010;60
05;04;2010;55
07;04;2010;35
08;04;2010;35
11;04;2010;50
12;04;2010;50
13;04;2010;35
14;04;2010;25
15;04;2010;40
17;04;2010;40
18;04;2010;45
19;04;2010;25
20;04;2010;30
22;04;2010;30
23;04;2010;25
25;04;2010;50
26;04;2010;30
28;04;2010;30
30;04;2010;30
04;05;2010;35
05;05;2010;30
08;05;2010;40
10;05;2010;50
11;05;2010;25
14;05;2010;25
15;05;2010;30
16;05;2010;50
19;05;2010;40
21;05;2010;30
23;05;2010;45
24;05;2010;35
26;05;2010;40
28;05;2010;35
01;06;2010;30
02;06;2010;30
04;06;2010;45
05;06;2010;50
07;06;2010;30
08;06;2010;30
09;06;2010;25
11;06;2010;30
13;06;2010;30
16;06;2010;40
18;06;2010;40
19;06;2010;40
20;06;2010;70
23;06;2010;40
24;06;2010;30
28;06;2010;35
29;06;2010;25
30;06;2010;45
01;07;2010;25
02;07;2010;35
03;07;2010;30
04;07;2010;60
06;07;2010;40
08;07;2010;35
09;07;2010;65
10;07;2010;45
12;07;2010;25
13;07;2010;30
16;07;2010;25
17;07;2010;30
19;07;2010;35
20;07;2010;25
21;07;2010;30
25;07;2010;30
27;07;2010;25
29;07;2010;35
30;07;2010;35
31;07;2010;30
03;08;2010;50
04;08;2010;50
05;08;2010;30
07;08;2010;30
09;08;2010;30
11;08;2010;25
12;08;2010;35
13;08;2010;35
15;08;2010;40
17;08;2010;60
18;08;2010;25
19;08;2010;35
21;08;2010;65
22;08;2010;40
24;08;2010;25
26;08;2010;30
28;08;2010;45
30;08;2010;40
31;08;2010;35
06;09;2010;35
07;09;2010;35
08;09;2010;30
12;09;2010;45
13;09;2010;40
14;09;2010;30
16;09;2010;35
17;09;2010;40
18;09;2010;45
19;09;2010;70
21;09;2010;30
22;09;2010;50
23;09;2010;35
25;09;2010;55
26;09;2010;55
30;09;2010;45
01;10;2010;35
04;10;2010;30
05;10;2010;30
13;10;2010;45
14;10;2010;40
16;10;2010;50
17;10;2010;60
19;10;2010;35
20;10;2010;30
23;10;2010;55
24;10;2010;45
26;10;2010;40
27;10;2010;40
30;10;2010;65
31;10;2010;75
02;11;2010;45
08;11;2010;25
10;11;2010;50
11;11;2010;45
13;11;2010;55
14;11;2010;60
16;11;2010;40
18;11;2010;30
20;11;2010;35
21;11;2010;65
25;11;2010;25
28;11;2010;35
07;12;2010;30
08;12;2010;35
02;01;2011;30
05;01;2011;30
06;01;2011;30
09;01;2011;30
16;01;2011;35
19;01;2011;35
24;01;2011;35
27;01;2011;25
29;01;2011;40
30;01;2011;50
02;02;2011;40
06;02;2011;40
09;02;2011;40
10;02;2011;30
11;02;2011;25
13;02;2011;40
17;02;2011;25
12;03;2011;30
13;03;2011;40
14;03;2011;30
16;03;2011;35
20;03;2011;40
21;03;2011;30
22;03;2011;35
23;03;2011;50
24;03;2011;25
26;03;2011;40
27;03;2011;50
29;03;2011;50
31;03;2011;40
03;04;2011;50
05;04;2011;50
06;04;2011;35
09;04;2011;60
10;04;2011;45
12;04;2011;35
14;04;2011;55
16;04;2011;70
17;04;2011;50
19;04;2011;45
20;04;2011;45
21;04;2011;55
23;04;2011;55
25;04;2011;55
26;04;2011;60
29;04;2011;90
30;04;2011;45
01;05;2011;50
04;05;2011;40
05;05;2011;45
06;05;2011;30
09;05;2011;45
10;05;2011;50
11;05;2011;35
13;05;2011;35
14;05;2011;60
16;05;2011;40
18;05;2011;35
20;05;2011;55
21;05;2011;55
22;05;2011;45
24;05;2011;40
26;05;2011;50
28;05;2011;55
31;05;2011;60
01;06;2011;35
02;06;2011;40
04;06;2011;85
05;06;2011;50
08;06;2011;40
11;06;2011;50
12;06;2011;80
14;06;2011;30
15;06;2011;30
17;06;2011;45
19;06;2011;70
21;06;2011;40
22;06;2011;40
25;06;2011;40
26;06;2011;60
04;07;2011;35
05;07;2011;35
06;07;2011;35
08;07;2011;35
09;07;2011;60
10;07;2011;50
12;07;2011;50
13;07;2011;50
16;07;2011;60
17;07;2011;65
19;07;2011;40
19;07;2011;30
22;07;2011;55
23;07;2011;35
24;07;2011;55
25;07;2011;65
28;07;2011;45
30;07;2011;55
31;07;2011;80
02;08;2011;55
03;08;2011;35
04;08;2011;60
05;08;2011;85
06;08;2011;50
07;08;2011;65
09;08;2011;45
11;08;2011;35
13;08;2011;55
14;08;2011;75
16;08;2011;45
17;08;2011;35
18;08;2011;35
20;08;2011;60
21;08;2011;70
22;08;2011;105
23;08;2011;70
25;08;2011;30
28;08;2011;45
30;08;2011;75
02;09;2011;55
03;09;2011;60
04;09;2011;65
06;09;2011;35
07;09;2011;30
10;09;2011;75
12;09;2011;45
13;09;2011;30
14;09;2011;25
17;09;2011;60
18;09;2011;30
20;09;2011;40
21;09;2011;35
23;09;2011;30
25;09;2011;55
26;09;2011;40
28;09;2011;35
29;09;2011;25
30;09;2011;50
01;10;2011;55
02;10;2011;50
04;10;2011;30
06;10;2011;30
07;10;2011;30
08;10;2011;30
09;10;2011;35
12;10;2011;30
13;10;2011;35
15;10;2011;40
17;10;2011;40
18;10;2011;35
20;10;2011;35
22;10;2011;50
23;10;2011;30
26;10;2011;30
27;10;2011;40
29;10;2011;80
30;10;2011;30
02;11;2011;30
04;11;2011;30
05;11;2011;35
07;11;2011;30
11;11;2011;30
13;11;2011;40
15;11;2011;35
16;11;2011;30
19;11;2011;55
22;11;2011;45
23;11;2011;25
25;11;2011;30
29;11;2011;45
30;11;2011;30
01;12;2011;30
03;12;2011;40
05;12;2011;30
07;12;2011;45
09;12;2011;25
11;12;2011;40
13;12;2011;30
14;12;2011;35
15;12;2011;40
20;12;2011;35
25;12;2011;30
26;12;2011;40
29;12;2011;35
31;12;2011;35
04;01;2012;30
06;01;2012;35
07;01;2012;40
08;01;2012;35
11;01;2012;25
13;01;2012;35
22;02;2012;45
23;02;2012;30
24;02;2012;30
27;02;2012;25
29;02;2012;35
01;03;2012;30
02;03;2012;30
04;03;2012;30
05;03;2012;30
07;03;2012;35
09;03;2012;30
10;03;2012;35
11;03;2012;40
12;03;2012;30
13;03;2012;25
15;03;2012;35
17;03;2012;55
18;03;2012;55
19;03;2012;25
21;03;2012;45
22;03;2012;40
24;03;2012;40
25;03;2012;35
27;03;2012;35
28;03;2012;35
30;03;2012;40
02;04;2012;30
03;04;2012;30
05;04;2012;35
06;04;2012;40
09;04;2012;45
10;04;2012;30
12;04;2012;35
14;04;2012;45
15;04;2012;30
17;04;2012;35
18;04;2012;35
22;04;2012;30
23;04;2012;30
24;04;2012;40
26;04;2012;40
28;04;2012;90
30;04;2012;45
06;05;2012;30
07;05;2012;35
08;05;2012;35
09;05;2012;45
10;05;2012;30
13;05;2012;30
14;05;2012;40
15;05;2012;30
16;05;2012;45
19;05;2012;115
20;05;2012;35
22;05;2012;35
23;05;2012;35
25;05;2012;45
26;05;2012;45
27;05;2012;45
28;05;2012;30
30;05;2012;35
31;05;2012;35
03;06;2012;40
04;06;2012;45
06;06;2012;40
07;06;2012;40
10;06;2012;50
11;06;2012;45
13;06;2012;45
14;06;2012;35
16;06;2012;50
17;06;2012;50
18;06;2012;30
19;06;2012;30
20;06;2012;30
23;06;2012;45
24;06;2012;45
27;06;2012;35
28;06;2012;30
30;06;2012;40
01;07;2012;35
04;07;2012;30
05;07;2012;30
06;07;2012;40
07;07;2012;45
09;07;2012;35
10;07;2012;45
11;07;2012;25
13;07;2012;35
14;07;2012;30
16;07;2012;35
17;07;2012;30
23;07;2012;20
24;07;2012;55
25;07;2012;55
26;07;2012;30
27;07;2012;35
31;07;2012;35
01;08;2012;45
02;08;2012;45
03;08;2012;35
04;08;2012;45
06;08;2012;45
08;08;2012;35
09;08;2012;30
11;08;2012;65
12;08;2012;90
13;08;2012;30
14;08;2012;25
17;08;2012;45
18;08;2012;65
19;08;2012;65
21;08;2012;45
22;08;2012;45
23;08;2012;95
25;08;2012;45
26;08;2012;35
28;08;2012;30
29;08;2012;30
31;08;2012;20
01;09;2012;40
02;09;2012;45
03;09;2012;30
04;09;2012;35
06;09;2012;40
09;09;2012;45
11;09;2012;40
12;09;2012;35
14;09;2012;30
15;09;2012;35
16;09;2012;45
17;09;2012;40
20;09;2012;40
21;09;2012;40
22;09;2012;35
24;09;2012;35
25;09;2012;35
26;09;2012;70
28;09;2012;35
30;09;2012;35
01;10;2012;40
02;10;2012;30
03;10;2012;45
04;10;2012;30
10;10;2012;30
11;10;2012;30
12;10;2012;40
13;10;2012;40
14;10;2012;35
17;10;2012;35
18;10;2012;35
21;10;2012;50
22;10;2012;35
24;10;2012;40
26;10;2012;25
28;10;2012;65
29;10;2012;45
31;10;2012;45
02;11;2012;30
03;11;2012;30
04;11;2012;50
06;11;2012;30
09;11;2012;30
10;11;2012;50
11;11;2012;75
13;11;2012;40
14;11;2012;30
16;11;2012;35
18;11;2012;50
19;11;2012;35
21;11;2012;30
23;11;2012;35
25;11;2012;50
27;11;2012;30
20;12;2012;25
25;12;2012;25
26;12;2012;25
28;12;2012;30
29;12;2012;30
30;12;2012;30
02;01;2013;35
03;01;2013;20
04;01;2013;40
05;01;2013;40
07;01;2013;35
08;01;2013;20
01;02;2013;30
03;02;2013;35
04;02;2013;25
06;02;2013;25
07;02;2013;35
09;02;2013;30
10;02;2013;35
15;02;2013;20
16;02;2013;30
17;02;2013;30
03;03;2013;40
04;03;2013;35
05;03;2013;30
06;03;2013;30
17;03;2013;35
18;03;2013;30
27;03;2013;35
28;03;2013;45
29;03;2013;30
02;04;2013;30
03;04;2013;45
06;04;2013;45
07;04;2013;45
08;04;2013;30
09;04;2013;25
10;04;2013;35
13;04;2013;35
14;04;2013;40
15;04;2013;35
16;04;2013;35
17;04;2013;35
18;04;2013;30
20;04;2013;60
21;04;2013;50
23;04;2013;45
24;04;2013;35
25;04;2013;45
25;04;2013;50
30;04;2013;95
02;05;2013;40
03;05;2013;90
05;05;2013;50
06;05;2013;35
07;05;2013;30
11;05;2013;45
12;05;2013;55
13;05;2013;35
14;05;2013;40
15;05;2013;45
16;05;2013;40
18;05;2013;50
19;05;2013;50
20;05;2013;30
22;05;2013;45
23;05;2013;40
24;05;2013;50
26;05;2013;50
27;05;2013;45
29;05;2013;50
30;05;2013;55
31;05;2013;35
01;06;2013;60
02;06;2013;50
03;06;2013;45
04;06;2013;20
06;06;2013;55
07;06;2013;35
08;06;2013;50
09;06;2013;55
10;06;2013;45
12;06;2013;50
13;06;2013;55
15;06;2013;130
16;06;2013;45
18;06;2013;40
19;06;2013;40
21;06;2013;40
22;06;2013;40
23;06;2013;55
24;06;2013;35
27;06;2013;35
29;06;2013;40
30;06;2013;45
03;07;2013;35
04;07;2013;35
06;07;2013;55
07;07;2013;120
09;07;2013;35
10;07;2013;45
11;07;2013;35
13;07;2013;40
14;07;2013;45
16;07;2013;65
17;07;2013;55
18;07;2013;100
20;07;2013;70
21;07;2013;60
23;07;2013;35
24;07;2013;30
25;07;2013;35
26;07;2013;45
29;07;2013;35
31;07;2013;45
02;08;2013;30
03;08;2013;45
04;08;2013;30
05;08;2013;35
06;08;2013;40
07;08;2013;40
08;08;2013;45
10;08;2013;30
11;08;2013;50
13;08;2013;30
15;08;2013;60
16;08;2013;35
17;08;2013;65
18;08;2013;45
19;08;2013;30
20;08;2013;35
21;08;2013;45
24;08;2013;50
25;08;2013;60
26;08;2013;45
29;08;2013;35
30;08;2013;35
31;08;2013;60
01;09;2013;45
03;09;2013;45
04;09;2013;65
05;09;2013;55
07;09;2013;60
08;09;2013;110
10;09;2013;50
15;09;2013;50
16;09;2013;40
18;09;2013;50
21;09;2013;50
22;09;2013;55
29;09;2013;30
30;09;2013;35
02;10;2013;35
03;10;2013;50
05;10;2013;50
06;10;2013;50
07;10;2013;35
09;10;2013;40
10;10;2013;40
12;10;2013;55
13;10;2013;50
14;10;2013;35
16;10;2013;50
19;10;2013;65
20;10;2013;30
22;10;2013;35
23;10;2013;35
24;10;2013;30
28;10;2013;35
29;10;2013;30
30;10;2013;45
02;11;2013;50
03;11;2013;40
04;11;2013;30
05;11;2013;40
10;11;2013;55
11;11;2013;40
12;11;2013;30
16;11;2013;45
17;11;2013;55
18;11;2013;20
21;11;2013;40
23;11;2013;55
28;11;2013;30
29;11;2013;40
01;12;2013;30
02;12;2013;35
05;12;2013;35
15;12;2013;25
16;12;2013;30
17;12;2013;25
18;12;2013;35
21;12;2013;35
22;12;2013;40
23;12;2013;25
26;12;2013;50
28;12;2013;45
01;01;2014;25
02;01;2014;30
03;01;2014;25
04;01;2014;40
07;01;2014;25
08;01;2014;30
07;02;2014;30
09;02;2014;35
10;02;2014;30
12;02;2014;30
13;02;2014;30
14;02;2014;35
15;02;2014;40
16;02;2014;45
18;02;2014;45
19;02;2014;45
21;02;2014;50
23;02;2014;55
24;02;2014;35
25;02;2014;25
26;02;2014;30
27;02;2014;35
02;03;2014;60
03;03;2014;35
04;03;2014;35
05;03;2014;35
06;03;2014;35
08;03;2014;60
09;03;2014;55
10;03;2014;40
12;03;2014;40
13;03;2014;45
16;03;2014;30
19;03;2014;25
20;03;2014;45
21;03;2014;35
22;03;2014;50
23;03;2014;55
26;03;2014;45
27;03;2014;45
29;03;2014;35
30;03;2014;50
31;03;2014;30
01;04;2014;40
08;04;2014;40
10;04;2014;40
11;04;2014;40
13;04;2014;40
15;04;2014;45
16;04;2014;50
17;04;2014;35
25;04;2014;40
26;04;2014;50
27;04;2014;55
28;04;2014;45
29;04;2014;35
30;04;2014;105
02;05;2014;100
03;05;2014;60
06;05;2014;45
07;05;2014;25
09;05;2014;35
10;05;2014;40
12;05;2014;30
14;05;2014;45
15;05;2014;40
17;05;2014;40
18;05;2014;40
19;05;2014;45
20;05;2014;45
21;05;2014;35
24;05;2014;55
25;05;2014;55
28;05;2014;35
29;05;2014;30
31;05;2014;65
01;06;2014;50
03;06;2014;30
04;06;2014;35
05;06;2014;35
07;06;2014;55
08;06;2014;55
10;06;2014;40
11;06;2014;35
12;06;2014;40
15;06;2014;60
16;06;2014;30
17;06;2014;30
19;06;2014;45
22;06;2014;35
24;06;2014;45
25;06;2014;35
26;06;2014;60
28;06;2014;55
29;06;2014;40
30;06;2014;30
01;07;2014;35
02;07;2014;30
04;07;2014;40
05;07;2014;50
06;07;2014;50
09;07;2014;30
10;07;2014;45
13;07;2014;50
14;07;2014;35
15;07;2014;35
18;07;2014;20
19;07;2014;50
20;07;2014;50
21;07;2014;30
23;07;2014;35
24;07;2014;45
26;07;2014;40
27;07;2014;50
29;07;2014;35
30;07;2014;40
02;08;2014;55
06;08;2014;45
07;08;2014;40
09;08;2014;60
10;08;2014;50
12;08;2014;55
14;08;2014;35
15;08;2014;50
16;08;2014;50
17;08;2014;45
20;08;2014;25
21;08;2014;35
21;08;2014;45
03;09;2014;35
05;09;2014;35
06;09;2014;45
07;09;2014;40
09;09;2014;35
11;09;2014;35
13;09;2014;45
14;09;2014;50
16;09;2014;35
18;09;2014;45
19;09;2014;45
20;09;2014;50
21;09;2014;50
24;09;2014;35
26;09;2014;35
01;10;2014;40
02;10;2014;35
04;10;2014;45
05;10;2014;50
07;10;2014;35
08;10;2014;35
12;10;2014;45
15;10;2014;35
16;10;2014;30
18;10;2014;45
19;10;2014;60
23;10;2014;35
24;10;2014;30
27;10;2014;35
29;10;2014;45
31;10;2014;25
02;11;2014;50
04;11;2014;40
05;11;2014;45
06;11;2014;35
10;11;2014;30
11;11;2014;50
21;11;2014;30
23;11;2014;50
25;11;2014;40
26;11;2014;55
29;11;2014;35
01;12;2014;20
03;12;2014;35
07;12;2014;40
09;12;2014;30
11;12;2014;35
12;12;2014;40
14;12;2014;40
15;12;2014;25
04;01;2015;25
05;01;2015;30
13;01;2015;40
14;01;2015;30
15;01;2015;35
17;01;2015;30
18;01;2015;30
19;01;2015;30
22;01;2015;30
24;01;2015;35
25;01;2015;30
28;01;2015;30
29;01;2015;30
31;01;2015;35
01;02;2015;30
03;02;2015;40
04;02;2015;25
06;02;2015;35
08;02;2015;30
10;02;2015;35
11;02;2015;50
12;02;2015;30
14;02;2015;40
15;02;2015;45
17;02;2015;35
18;02;2015;40
19;02;2015;40
21;02;2015;50
22;02;2015;45
23;02;2015;40
24;02;2015;40
25;02;2015;45
26;02;2015;30
28;02;2015;45
01;03;2015;45
03;03;2015;30
04;03;2015;35
05;03;2015;35
08;03;2015;50
09;03;2015;35
10;03;2015;40
11;03;2015;35
12;03;2015;40
15;03;2015;65
16;03;2015;50
17;03;2015;45
18;03;2015;50
19;03;2015;35
22;03;2015;45
24;03;2015;55
25;03;2015;35
27;03;2015;40
28;03;2015;55
31;03;2015;40
02;04;2015;40
03;04;2015;25
04;04;2015;35
06;04;2015;25
07;04;2015;45
08;04;2015;50
09;04;2015;40
11;04;2015;55
12;04;2015;45
22;04;2015;45
23;04;2015;30
25;04;2015;50
26;04;2015;45
29;04;2015;35
06;05;2015;30
09;05;2015;35
10;05;2015;45
11;05;2015;35
13;05;2015;35
14;05;2015;35
16;05;2015;65
17;05;2015;45
18;05;2015;30
19;05;2015;30
21;05;2015;30
23;05;2015;45
24;05;2015;45
27;05;2015;45
28;05;2015;35
30;05;2015;30
31;05;2015;45
02;06;2015;35
03;06;2015;60
04;06;2015;25
05;06;2015;70
07;06;2015;65
10;06;2015;45
11;06;2015;45
13;06;2015;45
14;06;2015;65
15;06;2015;35
17;06;2015;40
22;06;2015;35
23;06;2015;25
24;06;2015;40
25;06;2015;35
27;06;2015;50
28;06;2015;50
29;06;2015;40
01;07;2015;40
04;07;2015;50
05;07;2015;55
06;07;2015;35
08;07;2015;50
09;07;2015;45
11;07;2015;45
12;07;2015;50
15;07;2015;140
16;07;2015;35
18;07;2015;60
19;07;2015;75
20;07;2015;40
22;07;2015;45
24;07;2015;140
25;07;2015;80
27;07;2015;30
29;07;2015;40
01;08;2015;60
02;08;2015;60
05;08;2015;45
06;08;2015;60
08;08;2015;50
09;08;2015;60
15;08;2015;50
16;08;2015;50
17;08;2015;40
18;08;2015;45
19;08;2015;50
31;08;2015;35
02;09;2015;30
03;09;2015;45
05;09;2015;50
06;09;2015;45
08;09;2015;30
09;09;2015;40
10;09;2015;45
12;09;2015;45
13;09;2015;50
15;09;2015;40
16;09;2015;45
15;09;2015;45
25;09;2015;35
26;09;2015;50
27;09;2015;60
28;09;2015;35
30;09;2015;50
01;10;2015;35
04;10;2015;40
05;10;2015;40
07;10;2015;45
08;10;2015;40
09;10;2015;50
12;10;2015;35
14;10;2015;45
15;10;2015;35
17;10;2015;55
19;10;2015;35
21;10;2015;45
24;10;2015;60
25;10;2015;50
26;10;2015;40
28;10;2015;50
29;10;2015;35
31;10;2015;60
02;11;2015;40
04;11;2015;40
05;11;2015;40
07;11;2015;50
08;11;2015;40
11;11;2015;60
12;11;2015;40
14;11;2015;40
15;11;2015;45
17;11;2015;30
18;11;2015;30
20;11;2015;40
22;11;2015;35
24;11;2015;40
25;11;2015;30
27;11;2015;35
28;11;2015;40
29;11;2015;40
02;12;2015;50
03;12;2015;40
05;12;2015;50
06;12;2015;45
08;12;2015;40
09;12;2015;45
12;12;2015;45
14;12;2015;45
16;12;2015;40
18;12;2015;35
20;12;2015;50
22;12;2015;40
23;12;2015;40
25;12;2015;50
27;12;2015;40
28;12;2015;35
30;12;2015;30
31;12;2015;30
01;01;2016;30
06;01;2016;20
07;01;2016;30
10;01;2016;35
11;01;2016;30
12;01;2016;35
13;01;2016;35
14;01;2016;30
18;01;2016;45
25;01;2016;35
26;01;2016;30
27;01;2016;35
28;01;2016;30
29;01;2016;45
31;01;2016;45
01;02;2016;45
02;02;2016;35
03;02;2016;45
05;02;2016;30
07;02;2016;45
13;02;2016;50
20;02;2016;35
21;02;2016;35
23;02;2016;40
24;02;2016;45
25;02;2016;50
27;02;2016;50
28;02;2016;55
01;03;2016;50
02;03;2016;60
03;03;2016;55
06;03;2016;40
07;03;2016;45
08;03;2016;45
09;03;2016;50
11;03;2016;35
13;03;2016;50
14;03;2016;50
15;03;2016;30
16;03;2016;45
18;03;2016;45
20;03;2016;45
21;03;2016;45
23;03;2016;65
24;03;2016;50
26;03;2016;55
28;03;2016;60
29;03;2016;40
30;03;2016;45
02;04;2016;75
03;04;2016;55
04;04;2016;70
06;04;2016;50
07;04;2016;65
09;04;2016;90
10;04;2016;50
12;04;2016;40
14;04;2016;40
15;04;2016;40
16;04;2016;55
17;04;2016;35
19;04;2016;40
20;04;2016;45
22;04;2016;40
23;04;2016;60
25;04;2016;45
26;04;2016;50
28;04;2016;155
29;04;2016;45
30;04;2016;55
01;05;2016;55
02;05;2016;125
03;05;2016;50
06;05;2016;45
07;05;2016;55
08;05;2016;60
10;05;2016;45
11;05;2016;45
14;05;2016;55
15;05;2016;45
18;05;2016;45
19;05;2016;50
21;05;2016;50
23;05;2016;70
24;05;2016;40
25;05;2016;60
28;05;2016;50
29;05;2016;55
30;05;2016;40
31;05;2016;35
01;06;2016;45
04;06;2016;75
05;06;2016;55
06;06;2016;55
08;06;2016;45
09;06;2016;50
11;06;2016;75
12;06;2016;55
13;06;2016;35
15;06;2016;45
16;06;2016;40
19;06;2016;80
20;06;2016;60
22;06;2016;45
23;06;2016;40
25;06;2016;60
26;06;2016;50
27;06;2016;60
29;06;2016;45
02;07;2016;75
03;07;2016;65
04;07;2016;50
05;07;2016;45
07;07;2016;60
09;07;2016;60
10;07;2016;60
11;07;2016;45
14;07;2016;40
16;07;2016;200
17;07;2016;55
20;07;2016;45
21;07;2016;50
22;07;2016;35
23;07;2016;55
24;07;2016;55
27;07;2016;80
28;07;2016;30
29;07;2016;40
31;07;2016;45
02;08;2016;45
03;08;2016;45
04;08;2016;50
06;08;2016;55
08;08;2016;20
09;08;2016;55
13;08;2016;60
14;08;2016;40
17;08;2016;45
18;08;2016;40
20;08;2016;50
21;08;2016;50
23;08;2016;40
24;08;2016;45
27;08;2016;50
28;08;2016;50
31;08;2016;45
01;09;2016;45
02;09;2016;45
05;09;2016;40
07;09;2016;75
08;09;2016;60
11;09;2016;80
12;09;2016;30
13;09;2016;65
14;09;2016;45
15;09;2016;65
16;09;2016;70
18;09;2016;55
19;09;2016;40
21;09;2016;50
22;09;2016;45
23;09;2016;45
24;09;2016;80
25;09;2016;85
27;09;2016;55
29;09;2016;50
01;10;2016;65
04;10;2016;40
05;10;2016;35
06;10;2016;30
09;10;2016;40
10;10;2016;45
12;10;2016;40
13;10;2016;45
14;10;2016;30
17;10;2016;60
18;10;2016;35
19;10;2016;35
21;10;2016;30
23;10;2016;50
25;10;2016;40
27;10;2016;50
28;10;2016;35
29;10;2016;40
30;10;2016;40
04;11;2016;40
05;11;2016;60
06;11;2016;50
08;11;2016;40
10;11;2016;40
11;11;2016;40
12;11;2016;40
13;11;2016;55
14;11;2016;30
16;11;2016;50
18;11;2016;35
20;11;2016;65
21;11;2016;45
22;11;2016;60
23;11;2016;40
24;11;2016;40
26;11;2016;40
27;11;2016;55
29;11;2016;35
30;11;2016;40
01;12;2016;45
02;12;2016;25
03;12;2016;50
04;12;2016;35
05;12;2016;50
07;12;2016;45
08;12;2016;40
09;12;2016;50
11;12;2016;45
12;12;2016;30
14;12;2016;40
15;12;2016;45
18;12;2016;45
19;12;2016;50
20;12;2016;45
21;12;2016;45
22;12;2016;50
23;12;2016;45
25;12;2016;40
26;12;2016;50
27;12;2016;40
28;12;2016;50
30;12;2016;55
31;12;2016;60
01;01;2017;50
02;01;2017;45
04;01;2017;45
05;01;2017;20
12;01;2017;40
13;01;2017;40
17;01;2017;50
18;01;2017;45
19;01;2017;45
21;01;2017;50
22;01;2017;55
23;01;2017;55
24;01;2017;40
25;01;2017;45
27;01;2017;25
28;01;2017;105
29;01;2017;55
30;01;2017;45
01;02;2017;45
02;02;2017;40
03;02;2017;55
04;02;2017;55
05;02;2017;75
06;02;2017;60
13;02;2017;40
14;02;2017;55
15;02;2017;60
18;02;2017;50
19;02;2017;80
20;02;2017;35
21;02;2017;55
22;02;2017;40
24;02;2017;50
25;02;2017;65
26;02;2017;55
27;02;2017;30
01;03;2017;65
02;03;2017;40
03;03;2017;40
04;03;2017;75
05;03;2017;55
06;03;2017;35
08;03;2017;60
10;03;2017;45
11;03;2017;100
12;03;2017;70
13;03;2017;30
15;03;2017;45
16;03;2017;60
17;03;2017;50
19;03;2017;55
20;03;2017;40
21;03;2017;35
22;03;2017;50
23;03;2017;60
25;03;2017;50
26;03;2017;75
27;03;2017;55
28;03;2017;50
29;03;2017;45
30;03;2017;45
31;03;2017;35
01;04;2017;90
02;04;2017;95
03;04;2017;35
05;04;2017;65
06;04;2017;45
08;04;2017;100
09;04;2017;90
10;04;2017;75
11;04;2017;35
13;04;2017;40
14;04;2017;40
16;04;2017;80
17;04;2017;85
18;04;2017;65
19;04;2017;80
20;04;2017;50
22;04;2017;70
23;04;2017;100
25;04;2017;45
26;04;2017;80
27;04;2017;35
28;04;2017;190
30;04;2017;90
01;05;2017;75
02;05;2017;65
03;05;2017;190
04;05;2017;30
06;05;2017;90
07;05;2017;90
08;05;2017;40
09;05;2017;40
10;05;2017;35
12;05;2017;105
13;05;2017;100
14;05;2017;60
15;05;2017;40
16;05;2017;145
17;05;2017;60
18;05;2017;75
20;05;2017;80
21;05;2017;80
22;05;2017;50
24;05;2017;45
25;05;2017;60
27;05;2017;20
27;05;2017;100
28;05;2017;110
29;05;2017;60
31;05;2017;65
01;06;2017;40
02;06;2017;45
03;06;2017;110
04;06;2017;80
06;06;2017;70
07;06;2017;55
08;06;2017;90
09;06;2017;45
10;06;2017;90
11;06;2017;75
12;06;2017;30
13;06;2017;75
14;06;2017;75
15;06;2017;20
15;06;2017;50
16;06;2017;65
18;06;2017;75
19;06;2017;70
20;06;2017;25
21;06;2017;25
21;06;2017;60
22;06;2017;25
23;06;2017;25
23;06;2017;70
24;06;2017;75
25;06;2017;65
27;06;2017;225
28;06;2017;65
30;06;2017;25
01;07;2017;95
02;07;2017;90
03;07;2017;25
04;07;2017;60
05;07;2017;75
06;07;2017;45
07;07;2017;85
08;07;2017;110
09;07;2017;120
10;07;2017;60
11;07;2017;50
13;07;2017;180
14;07;2017;90
15;07;2017;110
16;07;2017;155
18;07;2017;125
20;07;2017;35
21;07;2017;35
22;07;2017;160
23;07;2017;105
24;07;2017;100
25;07;2017;25
26;07;2017;55
27;07;2017;35
28;07;2017;55
29;07;2017;135
30;07;2017;50
31;07;2017;35
31;07;2017;40
01;08;2017;50
02;08;2017;75
03;08;2017;95
04;08;2017;50
05;08;2017;50
06;08;2017;80
07;08;2017;40
08;08;2017;40
09;08;2017;25
09;08;2017;50
10;08;2017;25
11;08;2017;50
12;08;2017;25
12;08;2017;80
13;08;2017;50
14;08;2017;60
15;08;2017;60
16;08;2017;145
18;08;2017;20
18;08;2017;50
19;08;2017;55
20;08;2017;95
21;08;2017;20
22;08;2017;35
23;08;2017;50
25;08;2017;25
26;08;2017;45
28;08;2017;60
28;08;2017;20
29;08;2017;40
31;08;2017;50
31;08;2017;40
01;09;2017;35
02;09;2017;35
03;09;2017;50
05;09;2017;65
07;09;2017;30
08;09;2017;35
09;09;2017;75
10;09;2017;60
11;09;2017;35
12;09;2017;60
13;09;2017;50
16;09;2017;65
17;09;2017;80
19;09;2017;45
20;09;2017;80
21;09;2017;45
23;09;2017;65
24;09;2017;165
25;09;2017;30
27;09;2017;50
28;09;2017;65
30;09;2017;125
01;10;2017;65
02;10;2017;60
09;10;2017;45
10;10;2017;65
11;10;2017;55
14;10;2017;65
15;10;2017;60
16;10;2017;75
17;10;2017;45
18;10;2017;45
19;10;2017;25
22;10;2017;70
23;10;2017;60
24;10;2017;75
25;10;2017;20
28;10;2017;50
29;10;2017;55
30;10;2017;55
31;10;2017;40
02;11;2017;30
03;11;2017;60
04;11;2017;60
05;11;2017;75
06;11;2017;35
07;11;2017;70
08;11;2017;55
10;11;2017;75
11;11;2017;35
12;11;2017;70
14;11;2017;50
15;11;2017;85
16;11;2017;50
18;11;2017;70
19;11;2017;70
21;11;2017;75
22;11;2017;55
23;11;2017;50
27;11;2017;40
28;11;2017;60
29;11;2017;50
30;11;2017;40
02;12;2017;70
03;12;2017;60
04;12;2017;40
05;12;2017;40
06;12;2017;35
07;12;2017;30
08;12;2017;120
09;12;2017;75
10;12;2017;60
11;12;2017;30
12;12;2017;45
13;12;2017;50
14;12;2017;35
17;12;2017;65
18;12;2017;40
19;12;2017;45
20;12;2017;50
21;12;2017;60
22;12;2017;60
23;12;2017;50
24;12;2017;55
24;12;2017;25
25;12;2017;50
26;12;2017;70
27;12;2017;70
28;12;2017;45
29;12;2017;65
30;12;2017;120
31;12;2017;65
01;01;2018;100
02;01;2018;55
03;01;2018;90
04;01;2018;50
06;01;2018;95
07;01;2018;80
08;01;2018;50
09;01;2018;35
10;01;2018;50
11;01;2018;65
12;01;2018;40
14;01;2018;85
15;01;2018;60
17;01;2018;45
18;01;2018;60
19;01;2018;35
20;01;2018;70
21;01;2018;45
22;01;2018;45
24;01;2018;60
25;01;2018;55
26;01;2018;65
28;01;2018;60
29;01;2018;55
30;01;2018;40
31;01;2018;25
01;02;2018;45
02;02;2018;30
03;02;2018;40
04;02;2018;55
11;02;2018;55
12;02;2018;35
13;02;2018;45
14;02;2018;40
15;02;2018;35
17;02;2018;45
18;02;2018;60
20;02;2018;60
22;02;2018;40
24;02;2018;25
04;03;2018;50
10;03;2018;50
11;03;2018;60
12;03;2018;45
13;03;2018;40
14;03;2018;40
15;03;2018;40
17;03;2018;55
18;03;2018;65
21;03;2018;50
22;03;2018;70
24;03;2018;20
24;03;2018;100
26;03;2018;75
27;03;2018;75
28;03;2018;70
30;03;2018;55
31;03;2018;100
01;04;2018;50
02;04;2018;80
03;04;2018;45
04;04;2018;70
05;04;2018;30
06;04;2018;55
07;04;2018;20
07;04;2018;100
08;04;2018;20
08;04;2018;115
09;04;2018;30
10;04;2018;30
10;04;2018;30
11;04;2018;55
12;04;2018;55
13;04;2018;75
14;04;2018;110
15;04;2018;80
16;04;2018;25
17;04;2018;55
17;04;2018;20
18;04;2018;90
19;04;2018;65
20;04;2018;45
21;04;2018;120
22;04;2018;145
23;04;2018;60
24;04;2018;55
27;04;2018;185
28;04;2018;40
29;04;2018;200
30;04;2018;185
01;05;2018;155
02;05;2018;70
03;05;2018;80
04;05;2018;25
05;05;2018;190
06;05;2018;75
07;05;2018;65
08;05;2018;75
09;05;2018;55
09;05;2018;50
10;05;2018;55
11;05;2018;30
11;05;2018;65
13;05;2018;125
14;05;2018;85
15;05;2018;40
16;05;2018;45
16;05;2018;25
17;05;2018;40
17;05;2018;40
18;05;2018;50
19;05;2018;165
20;05;2018;110
21;05;2018;30
22;05;2018;85
23;05;2018;160
24;05;2018;45
25;05;2018;110
26;05;2018;120
27;05;2018;150
28;05;2018;35
28;05;2018;40
29;05;2018;50
30;05;2018;100
31;05;2018;25
31;05;2018;45
01;06;2018;50
01;06;2018;50
02;06;2018;20
02;06;2018;60
03;06;2018;65
04;06;2018;35
04;06;2018;50
05;06;2018;50
06;06;2018;25
06;06;2018;90
06;06;2018;20
07;06;2018;80
08;06;2018;35
09;06;2018;60
10;06;2018;160
11;06;2018;60
12;06;2018;45
12;06;2018;40
13;06;2018;35
14;06;2018;85
16;06;2018;20
16;06;2018;100
17;06;2018;50
17;06;2018;50
18;06;2018;70
19;06;2018;60
19;06;2018;40
20;06;2018;40
20;06;2018;45
21;06;2018;50
21;06;2018;30
22;06;2018;70
22;06;2018;15
23;06;2018;55
25;06;2018;25
25;06;2018;15
26;06;2018;50
28;06;2018;60
28;06;2018;25
28;06;2018;160
30;06;2018;60
01;07;2018;25
01;07;2018;20
03;07;2018;45
04;07;2018;55
05;07;2018;45
06;07;2018;50
07;07;2018;105
08;07;2018;85
09;07;2018;35
10;07;2018;40
14;07;2018;65
15;07;2018;95
20;07;2018;35
21;07;2018;100
22;07;2018;100
26;07;2018;115
28;07;2018;130
29;07;2018;100
01;08;2018;40
02;08;2018;55
03;08;2018;60
04;08;2018;105
05;08;2018;80
07;08;2018;45
08;08;2018;30
09;08;2018;80
11;08;2018;60
12;08;2018;80
13;08;2018;55
14;08;2018;55
15;08;2018;60
16;08;2018;50
17;08;2018;75
26;08;2018;60
27;08;2018;45
28;08;2018;45
29;08;2018;60
30;08;2018;45
31;08;2018;75
01;09;2018;120
02;09;2018;65
03;09;2018;95
05;09;2018;150
07;09;2018;80
08;09;2018;50
09;09;2018;195
10;09;2018;50
11;09;2018;50
12;09;2018;25
13;09;2018;55
14;09;2018;50
15;09;2018;135
16;09;2018;125
18;09;2018;90
20;09;2018;60
23;09;2018;180
25;09;2018;55
26;09;2018;50
28;09;2018;20
28;09;2018;60
29;09;2018;100
30;09;2018;125
01;10;2018;55
02;10;2018;20
04;10;2018;70
05;10;2018;90
06;10;2018;100
08;10;2018;50
09;10;2018;55
10;10;2018;25
11;10;2018;40
14;10;2018;90
15;10;2018;85
17;10;2018;55
18;10;2018;60
21;10;2018;75
22;10;2018;50
24;10;2018;25
25;10;2018;40
26;10;2018;80
27;10;2018;140
28;10;2018;25
29;10;2018;25
30;10;2018;40
31;10;2018;90
01;11;2018;15
01;11;2018;70
02;11;2018;115
03;11;2018;85
04;11;2018;70
06;11;2018;20
06;11;2018;95
07;11;2018;60
08;11;2018;25
09;11;2018;30
09;11;2018;60
10;11;2018;70
11;11;2018;50
12;11;2018;50
13;11;2018;60
15;11;2018;115
18;11;2018;140
19;11;2018;85
20;11;2018;30
21;11;2018;45
22;11;2018;40
25;11;2018;75
26;11;2018;75
27;11;2018;70
30;11;2018;70
01;12;2018;40
02;12;2018;80
03;12;2018;40
04;12;2018;30
05;12;2018;50
06;12;2018;55
07;12;2018;50
08;12;2018;60
09;12;2018;75
11;12;2018;50
12;12;2018;40
13;12;2018;40
16;12;2018;40
17;12;2018;40
18;12;2018;55
19;12;2018;50
21;12;2018;30
22;12;2018;50
23;12;2018;40
24;12;2018;40
26;12;2018;70
27;12;2018;25
28;12;2018;35
30;12;2018;40
31;12;2018;40
01;01;2019;30
04;01;2019;25
05;01;2019;70
07;01;2019;55
08;01;2019;45
10;01;2019;60
11;01;2019;50
13;01;2019;55
14;01;2019;50
18;01;2019;45
20;01;2019;35
22;01;2019;60
23;01;2019;35
26;01;2019;75
27;01;2019;30
28;01;2019;40
30;01;2019;60
08;02;2019;45
16;02;2019;35
17;02;2019;35
18;02;2019;30
19;02;2019;50
20;02;2019;25
23;02;2019;35
24;02;2019;65
25;02;2019;45
26;02;2019;55
27;02;2019;35
28;02;2019;50
01;03;2019;45
03;03;2019;75
04;03;2019;55
07;03;2019;60
09;03;2019;45
10;03;2019;50
11;03;2019;45
12;03;2019;50
13;03;2019;50
14;03;2019;30
15;03;2019;50
17;03;2019;30
18;03;2019;30
19;03;2019;80
20;03;2019;60
21;03;2019;55
22;03;2019;80
23;03;2019;120
24;03;2019;25
01;04;2019;25
02;04;2019;65
03;04;2019;40
05;04;2019;40
06;04;2019;60
07;04;2019;95
08;04;2019;45
11;04;2019;185
13;04;2019;75
14;04;2019;90
15;04;2019;25
16;04;2019;50
17;04;2019;50
18;04;2019;40
19;04;2019;20
19;04;2019;45
20;04;2019;40
21;04;2019;55
24;04;2019;50
25;04;2019;25
27;04;2019;65
04;05;2019;125
05;05;2019;105
16;05;2019;60
17;05;2019;110
19;05;2019;55
20;05;2019;25
26;05;2019;60
27;05;2019;45
29;05;2019;75
31;05;2019;70
01;06;2019;60
02;06;2019;55
03;06;2019;55
04;06;2019;65
05;06;2019;40
08;06;2019;60
09;06;2019;80
11;06;2019;60
12;06;2019;40
13;06;2019;70
14;06;2019;60
15;06;2019;50
16;06;2019;50
18;06;2019;55
19;06;2019;55
20;06;2019;60
21;06;2019;40
22;06;2019;50
23;06;2019;70
25;06;2019;75
26;06;2019;55
29;06;2019;80
30;06;2019;50
01;07;2019;35
03;07;2019;25
05;07;2019;45
07;07;2019;45
09;07;2019;30
10;07;2019;35
11;07;2019;50
12;07;2019;50
13;07;2019;175
14;07;2019;60
15;07;2019;85
16;07;2019;30
17;07;2019;55
18;07;2019;115
20;07;2019;140
22;07;2019;55
23;07;2019;50
25;07;2019;45
26;07;2019;60
27;07;2019;40
28;07;2019;135
02;08;2019;75
03;08;2019;60
05;08;2019;55
07;08;2019;75
08;08;2019;45
09;08;2019;55
10;08;2019;50
11;08;2019;65
12;08;2019;50
13;08;2019;60
14;08;2019;70
15;08;2019;70
29;08;2019;30
30;08;2019;60
01;09;2019;50
03;09;2019;50
04;09;2019;50
06;09;2019;45
07;09;2019;70
08;09;2019;80
09;09;2019;50
11;09;2019;60
12;09;2019;50
13;09;2019;25
14;09;2019;90
16;09;2019;70
18;09;2019;55
19;09;2019;35
20;09;2019;55
21;09;2019;30
22;09;2019;85
23;09;2019;45
24;09;2019;30
25;09;2019;50
26;09;2019;40
02;10;2019;40
03;10;2019;50
04;10;2019;55
08;10;2019;45
10;10;2019;45
13;10;2019;105
14;10;2019;50
15;10;2019;40
16;10;2019;50
17;10;2019;25
19;10;2019;70
20;10;2019;40
21;10;2019;75
22;10;2019;65
23;10;2019;55
24;10;2019;65
25;10;2019;25
26;10;2019;70
27;10;2019;30
28;10;2019;50
29;10;2019;65
30;10;2019;55
31;10;2019;55
01;11;2019;30
12;11;2019;45
13;11;2019;25
14;11;2019;45
15;11;2019;50
17;11;2019;70
18;11;2019;55
19;11;2019;35
20;11;2019;35
21;11;2019;25
22;11;2019;60
23;11;2019;50
25;11;2019;45
26;11;2019;50
28;11;2019;60
03;12;2019;45
04;12;2019;55
05;12;2019;50
06;12;2019;45
08;12;2019;50
09;12;2019;40
12;12;2019;45
16;12;2019;50
17;12;2019;55
18;12;2019;50
18;12;2019;25
19;12;2019;45
20;12;2019;25
21;12;2019;40
22;12;2019;50
23;12;2019;35
24;12;2019;45
25;12;2019;55
27;12;2019;35
30;12;2019;25
31;12;2019;60
